Column1;Column2;Column3;Column4;Column5;Column6;Column7;Column8;Column9
Column1;Column2;Column3;Column4;Column5;Column6;Column7;Column8;Column9
;;;;;;;;
key;start-date;end-date;start-year;start-month;start-day;end-year;end-month;end-day
;;;;;;;;
;;;;;;;;
;;;;;;;;
I Gusti Ketut Jelantik;;;;;;;;
;;;;;;;;
Pattimura;08-June-1783;16-December-1817;1783;6;8;1817;12;16
;;;;;;;;
Hein ter Poorten;21-November-1887;15-Jan-68;1887;11;21;1968;1;15
;;;;;;;;
Conrad Helfrich;11-October-1886;;1886;10;11;;;
;;;;;;;;
Hisaichi Terauchi;08-August-1879;12-Jun-46;1879;8;8;1946;6;12
;;;;;;;;
Hitoshi Imamura;28-June-1886;04-Oct-68;1886;6;28;1968;10;4
;;;;;;;;
Shoji Nishimura;30-November-1889;24-Oct-44;1889;11;30;1944;10;24
;;;;;;;;
Johan Harmen Rudolf Köhler;3-July-1818;14-April-1873;1818;7;3;1873;4;14
;;;;;;;;
Karel Doorman;23-April-1889;28-Feb-42;1889;4;23;1942;2;28
;;;;;;;;
Jan van Swieten;;;;;;;;
;;;;;;;;
Jisaburo Ozawa;02-October-1886;09-Nov-66;1886;10;2;1966;11;9
;;;;;;;;
Kiyotake Kawaguchi;03-December-1892;16-May-61;1892;12;3;1961;5;16
;;;;;;;;
Takeo Takagi;25-January-1892;16261;1892;1;25;1944;7;8
;;;;;;;;
Tirtayasa dari Banten;1-January-1631;1-January-1692;1631;;;1692;;
;;;;;;;;
Sultan Hasanuddin;12-January-1631;12-June-1670;1631;1;12;1670;6;12
;;;;;;;;
Iskandar Muda dari Aceh;1-January-1593;27-Desember-1636;1593;;;1636;12;27
;;;;;;;;
Pakubuwana VI;26-April-1807;2-June-1849;1807;4;26;1849;6;2
;;;;;;;;
Untung Suropati;1-January-1660;;1660;;;;;
;;;;;;;;
Baabullah;10-February-1528;1-July-1583;1528;2;10;1583;7;
;;;;;;;;
Sultan Agung dari Mataram;1-January-1593;1-January-1645;1593;;;1645;;
;;;;;;;;
Pakubuwana X;29-November-1866;22-Feb-39;1866;11;29;1939;2;22
;;;;;;;;
Andi Mappanyukki;;;;;;;;
;;;;;;;;
Hamengkubuwana I;4-August-1717;24-March-1792;1717;8;4;1792;3;24
;;;;;;;;
I Gusti Ngurah Made Agung;5-April-1876;20-Sep-06;1876;4;5;1906;9;20
;;;;;;;;
Bataha Santiago;1-january-1622;;1622;;;;;
;;;;;;;;
Himayatuddin Muhammad Saidi;;1-january-1766;;;;1766;;
;;;;;;;;
Kubilai Khan;23-September-1215;;1215;9;23;;;
;;;;;;;;
Diponegoro;11-November-1785;8-January-1855;1785;11;11;1855;1;8
;;;;;;;;
Amangkurat III;?;1-january-1734;?;;;1734;;
;;;;;;;;
Pakubuwana I;2-February-1648;22-February-1719;1648;2;2;1719;2;22
;;;;;;;;
Paku Alam I;21-March-1764;4-October-1829;1764;3;21;1829;10;4
;;;;;;;;
Hamengkubuwana II;7-March-1750;3-January-1828;1750;3;7;1828;1;3
;;;;;;;;
Sultan Mahmud Syah;;28-January-1874;;;;1874;1;28
;;;;;;;;
Hamengkubuwana III;20 Februari 1769;3-November-1814;1769;2;20;1814;11;3
;;;;;;;;
Kiai Madja;1-January-1792;20-December-1849;1792;;;1849;12;20
;;;;;;;;
Hidayatullah II dari Banjar;1-January-1822;24-Nov-04;1822;;;1904;11;24
;;;;;;;;
Amangkurat IV;1-january-1680;20-April-1726;1680;;;1726;4;20
;;;;;;;;
Pakubuwana III;24-February-1732;26-September-1788;1732;2;24;1788;9;26
;;;;;;;;
Mangkunegara II;05-January-1768;17-January-1835;1768;1;5;1835;1;17
;;;;;;;;
Mangkunegara I;7-April-1725;28-December-1795;1725;4;7;1795;12;28
;;;;;;;;
Amangkurat V;1-january-1726;?;1726;;;?;;
;;;;;;;;
Pakubuwana II;8-December 1711;20-December-1749;1711;12;8;1749;8;20
;;;;;;;;
Pakubuwana IX;22-December-1830;16-March-1893;1830;12;22;1893;3;16
;;;;;;;;
Sultan Alauddin Riayat Syah;;1-January-1605;;;;1605;;
;;;;;;;;
Amangkurat I;1-January-1618;13-July-1677;1618;;;1677;7;13
;;;;;;;;
Pakubuwana VII;8-July-1796;10-May-1858;1796;7;8;1858;5;10
;;;;;;;;
Pakubuwana XI;1-February-1886;01-Jun-45;1886;2;1;1945;6;1
;;;;;;;;
Hamengkubuwana IX;12-Apr-12;02-Oct-88;1912;4;12;1988;10;2
;;;;;;;;
Thaha Syaifuddin dari Jambi;;;;;;;;
;;;;;;;;
Paku Alam VII;9-December-1882;16-Feb-37;1882;12;9;1937;2;16
;;;;;;;;
Sultan Muhammad Bahauddin;15-March-1729;2-April-1804;1729;3;15;1804;4;2
;;;;;;;;
Khairun Jamil dari Ternate;?;28-February-1570;;;;1570;2;28
;;;;;;;;
Pangeran Anglingkusumo;08-Jan-44;;1944;1;8;;;
;;;;;;;;
Hamengkubuwana X;02-Apr-46;;1946;4;2;;;
;;;;;;;;
Sulaiman dari Banjar;#NAME?;03-June-1825;1761;;;1825;6;3
;;;;;;;;
Anyakrawati;tidak diketahui;1-january-1613;;;;1613;;
;;;;;;;;
Pakubuwana V;13-December-1784;5-September-1823;1784;12;13;1823;9;5
;;;;;;;;
Andi Abdullah Bau Massepe;;;;;;;;
;;;;;;;;
Hayam Wuruk;1-january-1334;1-January-1389;1334;;;1389;;
;;;;;;;;
Jayakatwang;;1-January-1293;;;;1293;;
;;;;;;;;
Linggabuana;;1-january-1357;;;;1357;;
;;;;;;;;
Dyah Pitaloka Citraresmi;1-January-1340;1-January-1357;1340;;;1357;;
;;;;;;;;
Wikramawardhana;;1-January-1429;;;;1429;;
;;;;;;;;
Republik Papua Barat;01/12/1961;;1961;12;1;;;
;;;;;;;;
Pemerintahan Revolusioner Republik Indonesia;;;;;;;;
;;;;;;;;
Keresidenan Banten;1942-00-00;1817-00-00;1942;;;1817;;
;;;;;;;;
Hindia Belanda;1949-00-00;1800-00-00;1949;;;1800;;
;;;;;;;;
Kesultanan Siak Sri Inderapura;1945-00-00;1723-00-00;1945;;;1723;;
;;;;;;;;
Administrasi Sementara PBB di Timor Timur;2002-00-00;1999-00-00;2002;;;1999;;
;;;;;;;;
Kesultanan Ngayogyakarta Hadiningrat;;1755-00-00;;;;1755;;
;;;;;;;;
Pemerintah Sementara Timor Timur;1976-00-00;1975-00-00;1976;;;1975;;
;;;;;;;;
Orde Baru;1998-00-00;1966-00-00;1998;;;1966;;
;;;;;;;;
Nugini Belanda;1962-00-00;1949-00-00;1962;;;1949;;
;;;;;;;;
Batavia;1949-00-00;1619-00-00;1949;;;1619;;
;;;;;;;;
Timor Portugis;1975-00-00;1702-00-00;1975;;;1702;;
;;;;;;;;
Republik Tiongkok (1912–1949);1949-00-00;1912-00-00;1949;;;1912;;
;;;;;;;;
Kekaisaran Jepang;1947-00-00;1868-00-00;1947;;;1868;;
;;;;;;;;
Republik Indonesia (1949–1950);27/12/1949;17/08/1950;1949;12;27;1950;8;17
;;;;;;;;
Timor Timur;17/07/1976;25/10/1999;1976;7;17;1999;10;25
;;;;;;;;
Aminuddin Ponulele;05/07/1939;27/01/2021;1939;7;5;2021;1;27
;;;;;;;;
Rosihan Arsyad;29/07/1949;;1949;7;29;;;
;;;;;;;;
Alex Noerdin;09/09/1950;;1950;9;9;;;
;;;;;;;;
Syahrial Oesman;25/05/1955;;1955;5;25;;;
;;;;;;;;
Partai Katolik (Indonesia);1918-00-00;1973-00-00;1918;;;1973;;
;;;;;;;;
Partai Hati Nurani Rakyat;21/12/2006;;2006;12;21;;;
;;;;;;;;
Partai Berkarya;15/07/2016;;2016;7;15;;;
;;;;;;;;
Partai Karya Peduli Bangsa;09/09/2002;;2002;9;9;;;
;;;;;;;;
Pemuda Pancasila;1965-00-00;;1965;;;;;
;;;;;;;;
Pasukan Internasional Timor Timur;20/09/1999;20/02/2000;1999;9;20;2000;2;20
;;;;;;;;
Aitarak;;;;;;;;
;;;;;;;;
I Gusti Ngurah Rai;30/01/1917;20/11/1946;1917;1;30;1946;11;20
;;;;;;;;
Abdullah Syafi'i (GAM);12/10/1947;22/01/2002;1947;10;12;2002;1;22
;;;;;;;;
Soedirman;24/01/1916;29/01/1950;1916;1;24;1950;1;29
;;;;;;;;
Zainal Basri Palaguna;09/03/1939;02/10/2019;1939;3;9;2019;10;2
;;;;;;;;
Gatot Soebroto;10/10/1907;11/06/1962;1907;10;10;1962;6;11
;;;;;;;;
Soemitro;13/01/1927;10/05/1998;1927;1;13;1998;5;10
;;;;;;;;
Soegih Arto;22/12/1923;29/12/2008;1923;12;22;2008;12;29
;;;;;;;;
Sintong Panjaitan;04/09/1940;;1940;9;4;;;
;;;;;;;;
Suprapto Sukowati;12/11/1922;09/08/1972;1922;11;12;1972;8;9
;;;;;;;;
Sujudi;08/09/1930;23/06/2007;1930;9;8;2007;6;23
;;;;;;;;
W. A. F. J. Tumbelaka;20/04/1920;11/09/2012;1920;4;20;2012;9;11
;;;;;;;;
Pranoto Reksosamodra;16/04/1923;09/06/1992;1923;4;16;1992;6;9
;;;;;;;;
Toyib Hadiwijaya;12/05/1919;12/12/2002;1919;5;12;2002;12;12
;;;;;;;;
Mohamad Suleman Hidayat;02/12/1944;;1944;12;2;;;
;;;;;;;;
Chaerul Saleh;13/09/1916;08/02/1967;1916;9;13;1967;2;8
;;;;;;;;
Notohatyanto;10/09/1907;;1907;9;10;;;
;;;;;;;;
Agung Firman Sampurna;19/11/1971;;1971;11;19;;;
;;;;;;;;
Syarief Thayeb;07/07/1920;11/11/1989;1920;7;7;1989;11;11
;;;;;;;;
Raden Mas Sewaka;1895-01-01;;1895;1;1;;;
;;;;;;;;
Slamet Kirbiantoro;18/03/1948;19/07/2018;1948;3;18;2018;7;19
;;;;;;;;
Mochtar Kusumaatmadja;17/02/1929;06/06/2021;1929;2;17;2021;6;6
;;;;;;;;
Mashudi;11/09/1919;22/06/2005;1919;9;11;2005;6;22
;;;;;;;;
Roeslan Abdulgani;24/11/1914;29/06/2005;1914;11;24;2005;6;29
;;;;;;;;
Widjojo Soejono;09/05/1928;11/05/2022;1928;5;9;2022;5;11
;;;;;;;;
Alamsyah Ratu Perwiranegara;25/12/1925;08/01/1998;1925;12;25;1998;1;8
;;;;;;;;
Mursalin Daeng Mamangung;20/11/1922;18/11/2006;1922;11;20;2006;11;18
;;;;;;;;
Ali Sadikin;07/07/1926;20/05/2008;1926;7;7;2008;5;20
;;;;;;;;
Maskanan;;;;;;;;
;;;;;;;;
Herman Deru;17/11/1967;;1967;11;17;;;
;;;;;;;;
Pahri Azhari;03/07/1962;23/04/2020;1962;7;3;2020;4;23
;;;;;;;;
Abdul Azis Bustam;06/06/1926;16/07/1982;1926;6;6;1982;7;16
;;;;;;;;
Amir Machmud;21/02/1923;21/04/1995;1923;2;21;1995;4;21
;;;;;;;;
Aksa Mahmud;16/07/1945;;1945;7;16;;;
;;;;;;;;
Sunawar Sukowati;06/09/1922;12/01/1986;1922;9;6;1986;1;12
;;;;;;;;
Djatmikanto Danumartono;05/06/1944;;1944;6;5;;;
;;;;;;;;
Edi Sudradjat;22/04/1938;01/12/2006;1938;4;22;2006;12;1
;;;;;;;;
Soebekti;14/05/1914;09/12/1992;1914;5;14;1992;12;9
;;;;;;;;
Achmad Wiranatakusumah;11/10/1925;27/09/1999;1925;10;11;1999;9;27
;;;;;;;;
Kahar Muzakir;10/12/1946;;1946;12;10;;;
;;;;;;;;
Satrio Budihardjo Joedono;01/12/1932;16/04/2017;1932;12;1;2017;4;16
;;;;;;;;
Agus Hermanto;20/05/1956;;1956;5;20;;;
;;;;;;;;
Mas Tirtodarmo Haryono;20/01/1924;01/10/1965;1924;1;20;1965;10;1
;;;;;;;;
Hartini;20/09/1924;12/03/2002;1924;9;20;2002;3;12
;;;;;;;;
Yogie Suardi Memet;16/05/1929;07/06/2007;1929;5;16;2007;6;7
;;;;;;;;
Sabam Sirait;13/10/1936;29/09/2021;1936;10;13;2021;9;29
;;;;;;;;
Slamet Iman Santoso;07/09/1907;09/11/2004;1907;9;7;2004;11;9
;;;;;;;;
Widjojo Nitisastro;23/09/1927;09/03/2012;1927;9;23;2012;3;9
;;;;;;;;
Xanana Gusmão;20/06/1946;;1946;6;20;;;
;;;;;;;;
Andi Muhammad Ghalib;03/06/1946;09/05/2016;1946;6;3;2016;5;9
;;;;;;;;
Ambo Eteng Amin;31/12/1942;19/03/2015;1942;12;31;2015;3;19
;;;;;;;;
Adnan Kapau Gani;16/09/1905;23/12/1968;1905;9;16;1968;12;23
;;;;;;;;
Achmad Soebardjo;1896-03-23;15/12/1978;1896;3;23;1978;12;15
;;;;;;;;
Tandiono Manu;28/06/1913;30/10/1986;1913;6;28;1986;10;30
;;;;;;;;
Mohammad Nazir;10/07/1910;30/08/1982;1910;7;10;1982;8;30
;;;;;;;;
Witarmin;02/02/1925;05/07/1983;1925;2;2;1983;7;5
;;;;;;;;
Poedjono Pranyoto;06/08/1936;02/12/2021;1936;8;6;2021;12;2
;;;;;;;;
Ade Komarudin;20/05/1965;;1965;5;20;;;
;;;;;;;;
Juwono Sudarsono;05/03/1942;;1942;3;5;;;
;;;;;;;;
Mohammad Isnaeni;19/04/1919;27/10/2002;1919;4;19;2002;10;27
;;;;;;;;
Soegiarto (militer);;;;;;;;
;;;;;;;;
Muammar Khadafi;07/06/1942;20/10/2011;1942;6;7;2011;10;20
;;;;;;;;
Adhyatma;25/05/1932;02/12/1999;1932;5;25;1999;12;2
;;;;;;;;
Makmun Murod;24/12/1924;13/09/2011;1924;12;24;2011;9;13
;;;;;;;;
Endang Agustini Syarwan;17/08/1949;;1949;8;17;;;
;;;;;;;;
Soedharmono;12/03/1927;25/01/2006;1927;3;12;2006;1;25
;;;;;;;;
Bambang Triantoro;07/01/1931;02/04/2008;1931;1;7;2008;4;2
;;;;;;;;
Surono Reksodimedjo;06/09/1923;03/08/2010;1923;9;6;2010;8;3
;;;;;;;;
Siti Hartinah;23/08/1923;28/04/1996;1923;8;23;1996;4;28
;;;;;;;;
Soetedjo (akademisi);19/11/1901;25/04/1981;1901;11;19;1981;4;25
;;;;;;;;
Setiadi Reksoprodjo;18/09/1921;28/07/2010;1921;9;18;2010;7;28
;;;;;;;;
Satrio;28/05/1916;05/05/1986;1916;5;28;1986;5;5
;;;;;;;;
Mashuri Saleh;19/07/1925;01/04/2001;1925;7;19;2001;4;1
;;;;;;;;
Hadi Utomo;15/08/1945;15/01/2017;1945;8;15;2017;1;15
;;;;;;;;
Amir Murtono;07/07/1924;01/01/2021;1924;7;7;2021;1;1
;;;;;;;;
Soemarno Sosroatmodjo;24/04/1911;09/01/1991;1911;4;24;1991;1;9
;;;;;;;;
Ajit Singh;12/02/1939;;1939;2;12;;;
;;;;;;;;
Cosmas Batubara;19/09/1938;08/08/2019;1938;9;19;2019;8;8
;;;;;;;;
Suharnoko Harbani;30/03/1925;05/11/2001;1925;3;30;2001;11;5
;;;;;;;;
Abdul Hakim Harahap;15/07/1905;07/10/1961;1905;7;15;1961;10;7
;;;;;;;;
Mohammad Syafa'at Mintaredja;17/02/1921;20/10/1984;1921;2;17;1984;10;20
;;;;;;;;
Kuntara;01/09/1939;21/08/2021;1939;9;1;2021;8;21
;;;;;;;;
Rogério Lobato;25/07/1949;;1949;7;25;;;
;;;;;;;;
Abdul Haris Nasution;03/12/1918;06/09/2000;1918;12;3;2000;9;6
;;;;;;;;
Andi Sinjaya Ghalib;25/01/1981;;1981;1;25;;;
;;;;;;;;
Ali Said;12/06/1927;28/06/1996;1927;6;12;1996;6;28
;;;;;;;;
Hario Jonosewojo;09/06/1921;22/03/1994;1921;6;9;1994;3;22
;;;;;;;;
Dadang Suprayogi;12/04/1914;13/09/1998;1914;4;12;1998;9;13
;;;;;;;;
Suyono Sosrodarsono;03/03/1926;17/08/2019;1926;3;3;2019;8;17
;;;;;;;;
Jacob Salatun;27/05/1927;03/02/2012;1927;5;27;2012;2;3
;;;;;;;;
Mudjono;30/07/1927;14/04/1984;1927;7;30;1984;4;14
;;;;;;;;
Dorodjatun Kuntjoro-Jakti;25/11/1939;;1939;11;25;;;
;;;;;;;;
Wondoamiseno;1891-08-18;11/12/1952;1891;8;18;1952;12;11
;;;;;;;;
Bambang Utoyo;20/08/1920;04/07/1980;1920;8;20;1980;7;4
;;;;;;;;
Dave Laksono;19/08/1979;;1979;8;19;;;
;;;;;;;;
Frans Seda;04/10/1926;31/12/2009;1926;10;4;2009;12;31
;;;;;;;;
Arief Patanga;;;;;;;;
;;;;;;;;
Ahmad Yani;19/06/1922;01/10/1965;1922;6;19;1965;10;1
;;;;;;;;
Jatidjan;27/11/1926;12/01/2008;1926;11;27;2008;1;12
;;;;;;;;
Soemitro Djojohadikoesoemo;29/05/1917;09/03/2001;1917;5;29;2001;3;9
;;;;;;;;
Rano Karno;08/10/1960;;1960;10;8;;;
;;;;;;;;
Syarwan Hamid;10/11/1943;25/03/2021;1943;11;10;2021;3;25
;;;;;;;;
Rahardi Ramelan;12/09/1939;;1939;9;12;;;
;;;;;;;;
Omar Dhani;23/01/1924;24/07/2009;1924;1;23;2009;7;24
;;;;;;;;
Moerdiono;19/08/1934;07/10/2011;1934;8;19;2011;10;7
;;;;;;;;
Soekarmen;30/05/1925;10/09/1988;1925;5;30;1988;9;10
;;;;;;;;
Hasjrul Harahap;18/11/1931;08/02/2014;1931;11;18;2014;2;8
;;;;;;;;
Purwoto Gandasubrata;11/10/1929;04/05/2005;1929;10;11;2005;5;4
;;;;;;;;
Irman Gusman;11/02/1962;;1962;2;11;;;
;;;;;;;;
Ryamizard Ryacudu;21/04/1950;;1950;4;21;;;
;;;;;;;;
Sapardjo;15/02/1924;10/04/2001;1924;2;15;2001;4;10
;;;;;;;;
Sofjan Wanandi;03/03/1941;;1941;3;3;;;
;;;;;;;;
Moetojib;11/07/1940;07/10/2015;1940;7;11;2015;10;7
;;;;;;;;
Soepardjo Rustam;12/08/1926;11/04/1993;1926;8;12;1993;4;11
;;;;;;;;
Bandjela Paliudju;03/03/1945;;1945;3;3;;;
;;;;;;;;
R. Soeprapto (pahlawan revolusi);20/06/1920;01/10/1965;1920;6;20;1965;10;1
;;;;;;;;
Sri Adiningsih;11/12/1960;17/06/2023;1960;12;11;2023;6;17
;;;;;;;;
Hayono Isman;25/04/1955;;1955;4;25;;;
;;;;;;;;
Herman Bernhard Leopold Mantiri;11/09/1939;;1939;9;11;;;
;;;;;;;;
Peter Cosgrove;28/07/1947;;1947;7;28;;;
;;;;;;;;
Kelly Kwalik;01/01/1955;16/12/2009;1955;1;1;2009;12;16
;;;;;;;;
Purnomosidi Hadjisarosa;07/09/1934;;1934;9;7;;;
;;;;;;;;
Ahmad Yunus Mokoginta;28/04/1921;11/01/1984;1921;4;28;1984;1;11
;;;;;;;;
Kunto Arief Wibowo;15/03/1971;;1971;3;15;;;
;;;;;;;;
Adi Putra Darmawan Tahir;18/05/1953;;1953;5;18;;;
;;;;;;;;
Soetardjo Soerjogoeritno;30/04/1934;07/08/2010;1934;4;30;2010;8;7
;;;;;;;;
Notohamiprodjo;12/04/1905;21/07/1976;1905;4;12;1976;7;21
;;;;;;;;
Boediardjo;16/11/1921;15/03/1997;1921;11;16;1997;3;15
;;;;;;;;
Feisal Tanjung;17/06/1939;18/02/2013;1939;6;17;2013;2;18
;;;;;;;;
Moeljadi;21/09/1924;29/07/1972;1924;9;21;1972;7;29
;;;;;;;;
Soenandar Prijosoedarmo;17/02/1924;27/12/1984;1924;2;17;1984;12;27
;;;;;;;;
Oetojo Oesman;03/06/1935;;1935;6;3;;;
;;;;;;;;
Eddy Rumpoko;08/08/1960;30/11/2023;1960;8;8;2023;11;30
;;;;;;;;
Nyak Adam Kamil;16/08/1916;11/02/1980;1916;8;16;1980;2;11
;;;;;;;;
Oemar Seno Adji;05/12/1915;05/12/1984;1915;12;5;1984;12;5
;;;;;;;;
Aida Zulaika Nasution;01/04/1948;;1948;4;1;;;
;;;;;;;;
Latief Hendraningrat;15/02/1911;14/03/1983;1911;2;15;1983;3;14
;;;;;;;;
Soedjono C. Atmonegoro;31/01/1940;06/09/2019;1940;1;31;2019;9;6
;;;;;;;;
Mung Parhadimulyo;11/01/1925;28/12/2012;1925;1;11;2012;12;28
;;;;;;;;
Pierre Tendean;21/02/1939;01/10/1965;1939;2;21;1965;10;1
;;;;;;;;
Lukita Dinarsyah Tuwo;25/09/1961;;1961;9;25;;;
;;;;;;;;
Kemal Idris;10/02/1923;28/07/2010;1923;2;10;2010;7;28
;;;;;;;;
Lukman Hakim (birokrat);06/06/1914;20/08/1966;1914;6;6;1966;8;20
;;;;;;;;
Sayuti Melik;25/11/1908;27/02/1989;1908;11;25;1989;2;27
;;;;;;;;
Arie Jeffry Kumaat;20/05/1944;13/01/2002;1944;5;20;2002;1;13
;;;;;;;;
Imanuel Ekadianus Blegur;25/05/1963;;1963;5;25;;;
;;;;;;;;
Z.A. Maulani;06/01/1939;05/04/2005;1939;1;6;2005;4;5
;;;;;;;;
Muhammad Dahlan;02/06/1909;01/02/1977;1909;6;2;1977;2;1
;;;;;;;;
Mahbub Djunaidi;27/07/1933;01/10/1995;1933;7;27;1995;10;1
;;;;;;;;
Johannes Leimena;06/03/1905;29/03/1977;1905;3;6;1977;3;29
;;;;;;;;
Bambang Subianto;10/01/1945;04/11/2022;1945;1;10;2022;11;4
;;;;;;;;
Airlangga Hartarto;01/10/1962;;1962;10;1;;;
;;;;;;;;
Anwar Tjokroaminoto;03/05/1909;16/11/1975;1909;5;3;1975;11;16
;;;;;;;;
Ibrahim Adjie;24/02/1924;25/07/1999;1924;2;24;1999;7;25
;;;;;;;;
Soetjipto Joedodihardjo;27/04/1917;26/03/1984;1917;4;27;1984;3;26
;;;;;;;;
Tuti Sutiawati;03/04/1940;;1940;4;3;;;
;;;;;;;;
I Gusti Putu Martha;01/01/1913;01/01/1992;1913;1;1;1992;1;1
;;;;;;;;
Mohamad Hekal;23/12/1976;;1976;12;23;;;
;;;;;;;;
M. Sarbini;10/06/1914;21/08/1977;1914;6;10;1977;8;21
;;;;;;;;
Umar Rukman;02/07/1923;;1923;7;2;;;
;;;;;;;;
J. B. Sumarlin;07/12/1932;06/02/2020;1932;12;7;2020;2;6
;;;;;;;;
Rachmat Saleh;01/05/1930;11/02/2018;1930;5;1;2018;2;11
;;;;;;;;
R. Bintoro;23/12/1924;13/06/1986;1924;12;23;1986;6;13
;;;;;;;;
Nani Soedarsono;28/03/1928;16/02/2019;1928;3;28;2019;2;16
;;;;;;;;
Siti Hardijanti Rukmana;23/01/1949;;1949;1;23;;;
;;;;;;;;
Aburizal Bakrie;15/11/1946;;1946;11;15;;;
;;;;;;;;
Wahono;25/03/1925;08/11/2004;1925;3;25;2004;11;8
;;;;;;;;
Agum Gumelar;17/12/1945;;1945;12;17;;;
;;;;;;;;
Tarub;10/06/1943;;1943;6;10;;;
;;;;;;;;
Soerjadi (hakim);;;;;;;;
;;;;;;;;
Mas Pardi;01/10/1901;13/08/1968;1901;10;1;1968;8;13
;;;;;;;;
Gatot Taroenamihardja;24/11/1901;24/12/1971;1901;11;24;1971;12;24
;;;;;;;;
Subroto;19/09/1923;20/12/2022;1923;9;19;2022;12;20
;;;;;;;;
Husein Mutahar;05/08/1916;09/06/2004;1916;8;5;2004;6;9
;;;;;;;;
Arifin Siregar;11/02/1934;23/09/2019;1934;2;11;2019;9;23
;;;;;;;;
Alexander Andries Maramis;1897-06-20;31/07/1977;1897;6;20;1977;7;31
;;;;;;;;
Barlian;23/07/1922;24/09/1975;1922;7;23;1975;9;24
;;;;;;;;
Radinal Mochtar;20/09/1930;26/07/2000;1930;9;20;2000;7;26
;;;;;;;;
David Alex;01/01/1951;25/06/1997;1951;1;1;1997;6;25
;;;;;;;;
Agung Laksono;23/03/1949;;1949;3;23;;;
;;;;;;;;
Bambang Soesatyo;10/09/1962;;1962;9;10;;;
;;;;;;;;
Mas Isman;01/01/1924;12/12/1982;1924;1;1;1982;12;12
;;;;;;;;
Hasto Wardoyo;26/03/1964;;1964;3;26;;;
;;;;;;;;
Muladi;26/05/1943;31/12/2020;1943;5;26;2020;12;31
;;;;;;;;
G.A. Siwabessy;19/08/1914;11/11/1982;1914;8;19;1982;11;11
;;;;;;;;
Soerjadi (militer);02/02/1942;07/12/2016;1942;2;2;2016;12;7
;;;;;;;;
Slamet Bratanata;28/02/1928;12/06/1992;1928;2;28;1992;6;12
;;;;;;;;
Soekarto;19/05/1938;;1938;5;19;;;
;;;;;;;;
Leo Lopulisa;23/11/1926;14/09/2009;1926;11;23;2009;9;14
;;;;;;;;
Sumantri Brodjonegoro;03/06/1926;18/12/1973;1926;6;3;1973;12;18
;;;;;;;;
Leonardus Benyamin Moerdani;02/10/1932;29/08/2004;1932;10;2;2004;8;29
;;;;;;;;
D.I. Pandjaitan;09/06/1925;01/10/1965;1925;6;9;1965;10;1
;;;;;;;;
Arnold Achmad Baramuli;20/07/1930;11/10/2006;1930;7;20;2006;10;11
;;;;;;;;
Soedarsono Hadisapoetro;15/07/1921;10/06/1988;1921;7;15;1988;6;10
;;;;;;;;
Ishak Mekki;01/03/1958;;1958;3;1;;;
;;;;;;;;
Wongsonegoro;1897-04-20;04/03/1978;1897;4;20;1978;3;4
;;;;;;;;
Muhammad Alwi Dahlan;15/05/1933;20/03/2024;1933;5;15;2024;3;20
;;;;;;;;
Wismoyo Arismunandar;10/02/1940;28/01/2021;1940;2;10;2021;1;28
;;;;;;;;
Alirahman;10/10/1945;15/01/2016;1945;10;10;2016;1;15
;;;;;;;;
Awaloedin Djamin;26/09/1927;31/01/2019;1927;9;26;2019;1;31
;;;;;;;;
Sutopo Juwono;14/05/1927;19/02/1999;1927;5;14;1999;2;19
;;;;;;;;
Pramono Edhie Wibowo;05/05/1955;13/06/2020;1955;5;5;2020;6;13
;;;;;;;;
Paku Alam VIII;10/04/1910;11/09/1998;1910;4;10;1998;9;11
;;;;;;;;
Setyadjit Soegondo;07/06/1907;20/12/1948;1907;6;7;1948;12;20
;;;;;;;;
Saifuddin Zuhri;01/10/1919;25/02/1986;1919;10;1;1986;2;25
;;;;;;;;
Ashari Danudirdjo;03/11/1922;02/04/2010;1922;11;3;2010;4;2
;;;;;;;;
Radius Prawiro;19/09/1928;26/05/2005;1928;9;19;2005;5;26
;;;;;;;;
Abdul Latief (pengusaha);27/04/1940;;1940;4;27;;;
;;;;;;;;
S.H. Simatupang;yes-1918-07;16/11/1992;yes-;91;0;1992;11;16
;;;;;;;;
Agustinus Sutardhio;15/03/1925;12/03/1981;1925;3;15;1981;3;12
;;;;;;;;
Tjokropranolo;21/05/1924;22/07/1998;1924;5;21;1998;7;22
;;;;;;;;
Theo L. Sambuaga;06/06/1949;;1949;6;6;;;
;;;;;;;;
Haryono Suyono;06/05/1938;;1938;5;6;;;
;;;;;;;;
Basuki Rahmat;04/11/1921;09/01/1969;1921;11;4;1969;1;9
;;;;;;;;
Bustanil Arifin;10/10/1925;13/02/2011;1925;10;10;2011;2;13
;;;;;;;;
B. M. Diah;07/04/1917;10/06/1996;1917;4;7;1996;6;10
;;;;;;;;
Adrianus Mooy;10/04/1936;;1936;4;10;;;
;;;;;;;;
Fuad Bawazier;22/08/1949;;1949;8;22;;;
;;;;;;;;
Ratu Emma Norma;03/03/1928;18/07/2012;1928;3;3;2012;7;18
;;;;;;;;
Muhammad Sanusi;28/11/1920;07/07/2002;1920;11;28;2002;7;7
;;;;;;;;
Endang Kusuma Inten Soeweno;02/02/1944;;1944;2;2;;;
;;;;;;;;
Firman Santyabudi;17/11/1965;;1965;11;17;;;
;;;;;;;;
S.K. Trimurti;11/05/1912;20/05/2008;1912;5;11;2008;5;20
;;;;;;;;
Lodewijk Freidrich Paulus;27/06/1956;;1956;6;27;;;
;;;;;;;;
Soerjadi Soerjadarma;06/12/1912;16/08/1975;1912;12;6;1975;8;16
;;;;;;;;
Sutoyo Siswomiharjo;28/08/1922;01/10/1965;1922;8;28;1965;10;1
;;;;;;;;
Robertus Sanyoto;16/07/1947;;1947;7;16;;;
;;;;;;;;
Nino Konis Santana;12/01/1957;11/03/1998;1957;1;12;1998;3;11
;;;;;;;;
Hoegeng Iman Santoso;14/10/1921;14/07/2004;1921;10;14;2004;7;14
;;;;;;;;
Haryati Soebadio;24/06/1928;30/04/2007;1928;6;24;2007;4;30
;;;;;;;;
Ida Bagus Mantra;08/05/1928;10/07/1995;1928;5;8;1995;7;10
;;;;;;;;
Yogi Supardi;25/07/1929;15/09/2019;1929;7;25;2019;9;15
;;;;;;;;
Hadi Prabowo;03/04/1960;;1960;4;3;;;
;;;;;;;;
A.M. Hendropriyono;07/05/1945;;1945;5;7;;;
;;;;;;;;
Wiranto;04/04/1947;;1947;4;4;;;
;;;;;;;;
Osa Maliki Wangsadinata;30/12/1907;14/09/1969;1907;12;30;1969;9;14
;;;;;;;;
Saleh Afiff;31/10/1930;28/06/2005;1930;10;31;2005;6;28
;;;;;;;;
Alex Asmasoebrata;23/06/1951;02/01/2021;1951;6;23;2021;1;2
;;;;;;;;
Sayidiman Suryohadiprojo;21/09/1927;16/01/2021;1927;9;21;2021;1;16
;;;;;;;;
Poniman;18/07/1926;30/04/2010;1926;7;18;2010;4;30
;;;;;;;;
I Gusti Ketut Pudja;19/05/1908;04/05/1977;1908;5;19;1977;5;4
;;;;;;;;
Rusli Halil;23/07/1920;10/07/1984;1920;7;23;1984;7;10
;;;;;;;;
Ong Eng Die;20/06/1910;;1910;6;20;;;
;;;;;;;;
Soesilo Soedarman;12/11/1928;18/12/1997;1928;11;12;1997;12;18
;;;;;;;;
Widodo A. S.;01/08/1944;;1944;8;1;;;
;;;;;;;;
Setya Novanto;12/11/1955;;1955;11;12;;;
;;;;;;;;
Syamaun Gaharu;10/11/1913;30/09/2000;1913;11;10;2000;9;30
;;;;;;;;
Yos Sudarso;24/11/1925;15/01/1962;1925;11;24;1962;1;15
;;;;;;;;
Izaac Hindom;23/12/1934;11/03/2009;1934;12;23;2009;3;11
;;;;;;;;
Sugiono (militer);10/09/1948;;1948;9;10;;;
;;;;;;;;
Dodi Reza Alex Noerdin;01/11/1970;;1970;11;1;;;
;;;;;;;;
Subiakto Tjakrawerdaya;10/08/1944;02/01/2021;1944;8;10;2021;1;2
;;;;;;;;
Nugroho Notosusanto;15/07/1930;03/06/1985;1930;7;15;1985;6;3
;;;;;;;;
Joop Ave;05/12/1934;05/02/2014;1934;12;5;2014;2;5
;;;;;;;;
Bambang Trihatmodjo;23/07/1953;;1953;7;23;;;
;;;;;;;;
Wirjono Prodjodikoro;11/06/1903;01/04/1985;1903;6;11;1985;4;1
;;;;;;;;
Tungki Ariwibowo;13/12/1936;03/03/2007;1936;12;13;2007;3;3
;;;;;;;;
M. Jusuf;23/06/1928;08/09/2004;1928;6;23;2004;9;8
;;;;;;;;
Rudini;15/12/1929;21/01/2006;1929;12;15;2006;1;21
;;;;;;;;
Munawir Sjadzali;07/11/1925;23/07/2004;1925;11;7;2004;7;23
;;;;;;;;
Nazom Nurhawi;25/12/1940;12/03/2013;1940;12;25;2013;3;12
;;;;;;;;
Harsono Tjokroaminoto;24/04/1912;22/04/1992;1912;4;24;1992;4;22
;;;;;;;;
R. Hartono;10/06/1941;;1941;6;10;;;
;;;;;;;;
Sugiyono (politikus);28/08/1928;15/08/2004;1928;8;28;2004;8;15
;;;;;;;;
Kaharuddin Nasution;23/07/1925;25/09/1990;1925;7;23;1990;9;25
;;;;;;;;
Mooryati Soedibyo;05/01/1928;;1928;1;5;;;
;;;;;;;;
Ali Moertopo;23/09/1924;15/05/1984;1924;9;23;1984;5;15
;;;;;;;;
Mohamad Roem;16/05/1908;24/09/1983;1908;5;16;1983;9;24
;;;;;;;;
Soebandrio;15/09/1914;03/07/2004;1914;9;15;2004;7;3
;;;;;;;;
Achmad Affandi;27/10/1927;29/12/1990;1927;10;27;1990;12;29
;;;;;;;;
Daoed Joesoef;08/08/1926;23/01/2018;1926;8;8;2018;1;23
;;;;;;;;
Yoga Sugama;12/05/1925;23/04/2003;1925;5;12;2003;4;23
;;;;;;;;
Himawan Soetanto;14/09/1929;20/10/2010;1929;9;14;2010;10;20
;;;;;;;;
Azwar Anas;02/08/1933;05/03/2023;1933;8;2;2023;3;5
;;;;;;;;
Ipik Asmasoebrata;16/06/1922;28/08/2003;1922;6;16;2003;8;28
;;;;;;;;
José Abílio Osório Soares;02/06/1947;17/06/2007;1947;6;2;2007;6;17
;;;;;;;;
A.R. Soehoed;02/03/1920;07/06/2014;1920;3;2;2014;6;7
;;;;;;;;
Timur P. Manurung;14/08/1947;;1947;8;14;;;
;;;;;;;;
Musannif Ryacudu;28/02/1924;06/03/1987;1924;2;28;1987;3;6
;;;;;;;;
Goenarso;22/10/1908;06/03/1992;1908;10;22;1992;3;6
;;;;;;;;
Marzuki Usman;30/09/1943;;1943;9;30;;;
;;;;;;;;
Bambang Purwanto;1964-09-00;;1964;9;;;;
;;;;;;;;
Djatikoesoemo;01/07/1917;04/07/1992;1917;7;1;1992;7;4
;;;;;;;;
Jusuf Wanandi;15/11/1937;;1937;11;15;;;
;;;;;;;;
Ibnu Sutowo;23/09/1914;12/01/2001;1914;9;23;2001;1;12
;;;;;;;;
Hasri Ainun Besari;11/08/1937;22/05/2010;1937;8;11;2010;5;22
;;;;;;;;
Edie Toet Hendratno;27/03/1951;;1951;3;27;;;
;;;;;;;;
Emanuel Melkiades Laka Lena;10/12/1976;;1976;12;10;;;
;;;;;;;;
Muhammad Yusuf Asy'ari;21/10/1945;14/11/2019;1945;10;21;2019;11;14
;;;;;;;;
Haris Sudarno;17/12/1941;;1941;12;17;;;
;;;;;;;;
Sari Yuliati;02/06/1976;;1976;6;2;;;
;;;;;;;;
Kharis Suhud;10/04/1925;20/08/2012;1925;4;10;2012;8;20
;;;;;;;;
Maraden Panggabean;29/06/1922;28/05/2000;1922;6;29;2000;5;28
;;;;;;;;
Linda Amalia Sari;15/11/1951;;1951;11;15;;;
;;;;;;;;
Achmad Sjaichu;29/06/1921;04/01/1995;1921;6;29;1995;1;4
;;;;;;;;
Suhardiman;16/12/1924;13/12/2015;1924;12;16;2015;12;13
;;;;;;;;
Muin Pusadan;12/08/1945;20/05/2007;1945;8;12;2007;5;20
;;;;;;;;
Iskandar Sitompul;22/06/1957;;1957;6;22;;;
;;;;;;;;
Sutami;19/10/1928;13/11/1980;1928;10;19;1980;11;13
;;;;;;;;
Mohammad Natsir;17/07/1908;06/02/1993;1908;7;17;1993;2;6
;;;;;;;;
Mukti Ali;23/08/1923;05/05/2004;1923;8;23;2004;5;5
;;;;;;;;
Sutanto Wiryoprasonto;24/07/1924;03/04/2000;1924;7;24;2000;4;3
;;;;;;;;
Danang Hadiwibowo;09/12/1966;;1966;12;9;;;
;;;;;;;;
Hari Suharto;26/02/1924;;1924;2;26;;;
;;;;;;;;
Indroyono Soesilo;27/03/1955;;1955;3;27;;;
;;;;;;;;
Nasrudin Sumintapura;01/08/1938;05/05/2011;1938;8;1;2011;5;5
;;;;;;;;
Gita Wirjawan;21/09/1965;;1965;9;21;;;
;;;;;;;;
Ma'huno Bulerek Karathayano;14/04/1949;24/09/2021;1949;4;14;2021;9;24
;;;;;;;;
Sudomo;20/09/1926;18/04/2012;1926;9;20;2012;4;18
;;;;;;;;
Amien Rais;26/04/1944;;1944;4;26;;;
;;;;;;;;
Hartanto Edhie Wibowo;31/05/1969;;1969;5;31;;;
;;;;;;;;
Mahar Mardjono;08/01/1923;19/09/2002;1923;1;8;2002;9;19
;;;;;;;;
Sophan Sophiaan;26/04/1944;17/05/2008;1944;4;26;2008;5;17
;;;;;;;;
R. Soebijakto;14/07/1917;12/08/1999;1917;7;14;1999;8;12
;;;;;;;;
Burhanuddin Abdullah;10/07/1947;;1947;7;10;;;
;;;;;;;;
Suwiryo;17/02/1903;27/08/1967;1903;2;17;1967;8;27
;;;;;;;;
Dading Kalbuadi;14/04/1931;10/10/1999;1931;4;14;1999;10;10
;;;;;;;;
Kasman Singodimedjo;25/02/1904;25/10/1982;1904;2;25;1982;10;25
;;;;;;;;
Djoehana Wiradikarta;1896-09-18;01/01/1986;1896;9;18;1986;1;1
;;;;;;;;
Francisco Guterres;07/09/1954;;1954;9;7;;;
;;;;;;;;
Jenny Shipley;04/02/1952;;1952;2;4;;;
;;;;;;;;
Suwardjono Surjaningrat;03/05/1923;21/08/2012;1923;5;3;2012;8;21
;;;;;;;;
Ginandjar Kartasasmita;09/04/1941;;1941;4;9;;;
;;;;;;;;
Achmad Tahir;27/06/1924;17/08/2002;1924;6;27;2002;8;17
;;;;;;;;
Akbar Tanjung;14/08/1945;;1945;8;14;;;
;;;;;;;;
Soemono;;;;;;;;
;;;;;;;;
A.M. Fatwa;12/02/1939;14/12/2017;1939;2;12;2017;12;14
;;;;;;;;
Dewi Asmara;29/06/1961;;1961;6;29;;;
;;;;;;;;
Bob Hasan;24/02/1931;31/03/2020;1931;2;24;2020;3;31
;;;;;;;;
Fahri Hamzah;10/11/1971;;1971;11;10;;;
;;;;;;;;
Bambang Soegeng;31/10/1913;22/06/1977;1913;10;31;1977;6;22
;;;;;;;;
Abdul Azis Saleh;20/09/1914;03/04/2001;1914;9;20;2001;4;3
;;;;;;;;
Indriyanto Seno Adji;11/11/1957;;1957;11;11;;;
;;;;;;;;
Mahfud MD;13/05/1957;;1957;5;13;;;
;;;;;;;;
Subagyo Hadi Siswoyo;12/06/1946;;1946;6;12;;;
;;;;;;;;
Soedjono Djoened Poesponegoro;14/06/1908;24/11/1986;1908;6;14;1986;11;24
;;;;;;;;
Ismail Saleh;07/09/1926;21/10/2008;1926;9;7;2008;10;21
;;;;;;;;
Denny Indrayana;11/12/1972;;1972;12;11;;;
;;;;;;;;
Harmoko;07/02/1939;04/07/2021;1939;2;7;2021;7;4
;;;;;;;;
Marzuki Darusman;26/01/1945;;1945;1;26;;;
;;;;;;;;
Marzuki Alie;06/11/1955;;1955;11;6;;;
;;;;;;;;
Hadi Thayeb;14/09/1922;10/01/2014;1922;9;14;2014;1;10
;;;;;;;;
Soekardi;28/02/1920;28/08/2015;1920;2;28;2015;8;28
;;;;;;;;
Soerjadi Soedirdja;11/10/1938;03/08/2021;1938;10;11;2021;8;3
;;;;;;;;
Fatmawati;05/02/1923;14/05/1980;1923;2;5;1980;5;14
;;;;;;;;
Sarwo Edhie Wibowo;25/07/1925;09/11/1989;1925;7;25;1989;11;9
;;;;;;;;
Mar'ie Muhammad;03/04/1939;11/12/2016;1939;4;3;2016;12;11
;;;;;;;;
Mervin Sadipun Komber;20/06/1980;;1980;6;20;;;
;;;;;;;;
Daryatmo;18/06/1925;06/12/1992;1925;6;18;1992;12;6
;;;;;;;;
Jusuf Wibisono;28/02/1909;15/06/1982;1909;2;28;1982;6;15
;;;;;;;;
Filomeno Hornay;01/01/1960;;1960;1;1;;;
;;;;;;;;
Siswondo Parman;04/08/1918;01/10/1965;1918;8;4;1965;10;1
;;;;;;;;
Bernardus Sugiarta Muljana;03/03/1931;15/09/2014;1931;3;3;2014;9;15
;;;;;;;;
Roesmin Noerjadin;31/05/1930;08/09/1994;1930;5;31;1994;9;8
;;;;;;;;
Justika Baharsjah;07/05/1937;;1937;5;7;;;
;;;;;;;;
T.B. Simatupang;28/01/1920;01/01/1990;1920;1;28;1990;1;1
;;;;;;;;
Soeweno;06/06/1929;19/11/1998;1929;6;6;1998;11;19
;;;;;;;;
Albert Mangaratua Tambunan;25/09/1911;12/12/1970;1911;9;25;1970;12;12
;;;;;;;;
Iwa Koesoemasoemantri;1899-05-31;27/11/1971;1899;5;31;1971;11;27
;;;;;;;;
Soedjarwo;15/04/1922;12/01/2004;1922;4;15;2004;1;12
;;;;;;;;
Pontjo Sutowo;17/08/1950;;1950;8;17;;;
;;;;;;;;
Sumiskum;29/04/1924;06/08/2005;1924;4;29;2005;8;6
;;;;;;;;
Muhammad Mangundiprojo;05/01/1905;13/12/1988;1905;1;5;1988;12;13
;;;;;;;;
Ali Wardhana;06/05/1928;14/09/2015;1928;5;6;2015;9;14
;;;;;;;;
Melanchton Siregar;07/08/1912;24/02/1975;1912;8;7;1975;2;24
;;;;;;;;
Mochamad Jasin;22/07/1921;07/04/2013;1921;7;22;2013;4;7
;;;;;;;;
Oesman Sapta Odang;18/08/1950;;1950;8;18;;;
;;;;;;;;
Eurico Guterres;04/07/1969;;1969;7;4;;;
;;;;;;;;
Zaenal Ma'arif;14/09/1955;15/02/2023;1955;9;14;2023;2;15
;;;;;;;;
Mohammad Sadli;10/06/1922;08/01/2008;1922;6;10;2008;1;8
;;;;;;;;
Muchdi Purwoprandjono;15/04/1949;;1949;4;15;;;
;;;;;;;;
Tommy Soeharto;15/07/1962;;1962;7;15;;;
;;;;;;;;
Bomer Pasaribu;22/08/1942;;1942;8;22;;;
;;;;;;;;
Taufik Kurniawan;22/11/1967;24/11/2022;1967;11;22;2022;11;24
;;;;;;;;
Hasan Slamet;06/08/1925;08/01/1999;1925;8;6;1999;1;8
;;;;;;;;
Hidayat Nur Wahid;08/04/1960;;1960;4;8;;;
;;;;;;;;
Ignatius Joseph Kasimo Hendrowahyono;10/04/1900;01/08/1986;1900;4;10;1986;8;1
;;;;;;;;
Aliansi Progresif;22/05/2013;;2013;5;22;;;
;;;;;;;;
Sosialis Internasional;03/06/1951;;1951;6;3;;;
;;;;;;;;
Bank Pembangunan Asia;;;;;;;;
;;;;;;;;
Komite Olahraga Nasional Indonesia;15/10/1938;;1938;10;15;;;
;;;;;;;;
Nahdlatul Ulama;31/01/1926;;1926;1;31;;;
;;;;;;;;
Persatuan Wartawan Indonesia;09/02/1946;;1946;2;9;;;
;;;;;;;;
Yayasan Supersemar;16/05/1974;;1974;5;16;;;
;;;;;;;;
Ikatan Pemuda Karya;28/08/1969;;1969;8;28;;;
;;;;;;;;
KOSGORO;10/11/1957;;1957;11;10;;;
;;;;;;;;
Persatuan Wredatama Republik Indonesia;24/07/1962;;1962;7;24;;;
;;;;;;;;
Partai Persatuan Pembangunan;05/01/1973;;1973;1;5;;;
;;;;;;;;
Partai Demokrasi Rakyat Indonesia;2016-00-00;;2016;;;;;
;;;;;;;;
Partai Demokrasi Indonesia Perjuangan;10/01/1973;;1973;1;10;;;
;;;;;;;;
Partai Patriot (Indonesia);01/06/2001;;2001;6;1;;;
;;;;;;;;
Partai Penegak Demokrasi Indonesia;10/01/1973;;1973;1;10;;;
;;;;;;;;
Partai Nasional Indonesia;04/07/1927;;1927;7;4;;;
;;;;;;;;
Partai Gerakan Indonesia Raya;06/02/2008;;2008;2;6;;;
;;;;;;;;
Partai Persatuan Indonesia;08/10/2014;;2014;10;8;;;
;;;;;;;;
Partai Golongan Karya;20/10/1964;;1964;10;20;;;
;;;;;;;;
Partai Amanat Nasional;23/08/1998;;1998;8;23;;;
;;;;;;;;
Partai Nasional Indonesia - Front Marhaenis;10/02/1999;;1999;2;10;;;
;;;;;;;;
Partai Indonesia;30/04/1931;18/11/1936;1931;4;30;1936;11;18
;;;;;;;;
Partai Buruh Indonesia;15/09/1945;;1945;9;15;;;
;;;;;;;;
Sutan Sjahrir;05/03/1909;09/04/1966;1909;3;5;1966;4;9
;;;;;;;;
Djoeanda Kartawidjaja;14/01/1911;07/11/1963;1911;1;14;1963;11;7
;;;;;;;;
Burhanuddin Harahap;12/02/1917;14/06/1987;1917;2;12;1987;6;14
;;;;;;;;
Abdoel Halim;27/12/1911;04/07/1987;1911;12;27;1987;7;4
;;;;;;;;
Wilopo;21/10/1909;20/01/1981;1909;10;21;1981;1;20
;;;;;;;;
Partai Syarikat Islam Indonesia;1923-00-00;;1923;;;;;
;;;;;;;;
Uni Demokrasi Timor;11/05/1974;;1974;5;11;;;
;;;;;;;;
Partai Swara Rakyat Indonesia;15/11/2013;;2013;11;15;;;
;;;;;;;;
Partai Ikatan Pendukung Kemerdekaan Indonesia;20/05/1954;;1954;5;20;;;
;;;;;;;;
Front Revolusi Independen Timor Leste;20/05/1974;;1974;5;20;;;
;;;;;;;;
Gerakan Aceh Merdeka;04/12/1976;;1976;12;4;;;
;;;;;;;;
Partai Sosialis Indonesia;13/02/1948;;1948;2;13;;;
;;;;;;;;
Front Anti-Komunis Indonesia;;;;;;;;
;;;;;;;;
Partai Komunis Indonesia;09/05/1914;;1914;5;9;;;
;;;;;;;;
Partai Muslimin Indonesia;20/02/1968;;1968;2;20;;;
;;;;;;;;
Partai Demokrasi Indonesia;11/01/1973;;1973;1;11;;;
;;;;;;;;
Partai Kristen Indonesia;10/11/1945;;1945;11;10;;;
;;;;;;;;
Margono Djojohadikoesoemo;1894-05-16;02/07/1978;1894;5;16;1978;7;2
;;;;;;;;
Adam Malik;22/07/1917;05/09/1984;1917;7;22;1984;9;5
;;;;;;;;
Megawati Soekarnoputri;23/01/1947;;1947;1;23;;;
;;;;;;;;
Syafruddin Prawiranegara;28/02/1911;15/02/1989;1911;2;28;1989;2;15
;;;;;;;;
Rusli Noor;01/05/1927;;1927;5;1;;;
;;;;;;;;
Hartono Rekso Dharsono;10/06/1925;05/06/1996;1925;6;10;1996;6;5
;;;;;;;;
B. J. Habibie;25/06/1936;11/09/2019;1936;6;25;2019;9;11
;;;;;;;;
Taur Matan Ruak;10/10/1956;;1956;10;10;;;
;;;;;;;;
Dobrica ?osi?;29/12/1921;18/05/2014;1921;12;29;2014;5;18
;;;;;;;;
Soeharto;08/06/1921;27/01/2008;1921;6;8;2008;1;27
;;;;;;;;
Nicolau dos Reis Lobato;24/05/1946;31/12/1978;1946;5;24;1978;12;31
;;;;;;;;
Mohammad Hatta;12/08/1902;14/03/1980;1902;8;12;1980;3;14
;;;;;;;;
Joko Widodo;21/06/1961;;1961;6;21;;;
;;;;;;;;
Try Sutrisno;15/11/1935;;1935;11;15;;;
;;;;;;;;
Umar Wirahadikusumah;10/10/1924;21/03/2003;1924;10;10;2003;3;21
;;;;;;;;
Hamzah Haz;15/02/1940;;1940;2;15;;;
;;;;;;;;
Organisasi Papua Merdeka;26/07/1965;;1965;7;26;;;
;;;;;;;;
Jemaah Islamiyah;1993-00-00;;1993;;;;;
;;;;;;;;
Francisco Xavier do Amaral;03/12/1937;06/03/2012;1937;12;3;2012;3;6
;;;;;;;;
Abdurrahman Wahid;07/09/1940;30/12/2009;1940;9;7;2009;12;30
;;;;;;;;
Tunku Abdul Rahman;08/02/1903;06/12/1990;1903;2;8;1990;12;6
;;;;;;;;
Muhaimin Iskandar;24/09/1966;;1966;9;24;;;
;;;;;;;;
Khofifah Indar Parawansa;19/05/1965;;1965;5;19;;;
;;;;;;;;
Fadli Zon;01/06/1971;;1971;6;1;;;
;;;;;;;;
Idham Chalid;27/08/1921;11/07/2010;1921;8;27;2010;7;11
;;;;;;;;
Susilo Bambang Yudhoyono;09/09/1949;;1949;9;9;;;
;;;;;;;;
Soekarno;06/06/1901;21/06/1970;1901;6;6;1970;6;21
;;;;;;;;
Prabowo Subianto;17/10/1951;;1951;10;17;;;
;;;;;;;;
Sutiyoso;06/12/1944;;1944;12;6;;;
;;;;;;;;
Jerry Sambuaga;02/07/1985;;1985;7;2;;;
;;;;;;;;
Teuku Umar Ali;16/10/1930;24/03/1992;1930;10;16;1992;3;24
;;;;;;;;
Jusuf Kalla;15/05/1942;;1942;5;15;;;
;;;;;;;;
Emil Salim;08/06/1930;;1930;6;8;;;
;;;;;;;;
Sanusi Hardjadinata;24/06/1914;12/12/1995;1914;6;24;1995;12;12
;;;;;;;;
Probosutedjo;01/05/1930;26/03/2018;1930;5;1;2018;3;26
;;;;;;;;
Luhut Binsar Pandjaitan;28/09/1947;;1947;9;28;;;
;;;;;;;;
Titiek Soeharto;14/04/1959;;1959;4;14;;;
;;;;;;;;
Fahmi Idris;20/09/1943;22/05/2022;1943;9;20;2022;5;22
;;;;;;;;
Ali Sastroamidjojo;21/05/1903;13/03/1975;1903;5;21;1975;3;13
;;;;;;;;
Mohammad Zamroni;10/08/1935;05/02/1996;1935;8;10;1996;2;5
;;;;;;;;
Angkatan Udara Kerajaan Thai;02/11/1913;;1913;11;2;;;
;;;;;;;;
Tentara Nasional Indonesia Angkatan Laut;10/09/1945;;1945;9;10;;;
;;;;;;;;
Pusat Kesehatan Angkatan Darat;26/10/1945;;1945;10;26;;;
;;;;;;;;
Korps Brigade Mobil;14/11/1945;;1945;11;14;;;
;;;;;;;;
Tentara Nasional Indonesia Angkatan Darat;15/12/1945;;1945;12;15;;;
;;;;;;;;
Komando Daerah Militer II/Sriwijaya;01/01/1946;;1946;1;1;;;
;;;;;;;;
Tentara Nasional Indonesia Angkatan Udara;09/04/1946;;1946;4;9;;;
;;;;;;;;
Komando Daerah Militer V/Brawijaya;17/12/1948;;1948;12;17;;;
;;;;;;;;
Komando Daerah Militer I/Bukit Barisan;20/06/1950;;1950;6;20;;;
;;;;;;;;
Akademi Angkatan Laut;10/10/1951;;1951;10;10;;;
;;;;;;;;
Komando Daerah Militer XIV/Hasanuddin;01/06/1957;;1957;6;1;;;
;;;;;;;;
Akademi Militer;11/11/1957;;1957;11;11;;;
;;;;;;;;
Batalyon Infanteri 711;16/04/1962;;1962;4;16;;;
;;;;;;;;
Komando Daerah Militer XVII/Cenderawasih;17/05/1963;;1963;5;17;;;
;;;;;;;;
Badan Pembinaan Hukum Tentara Nasional Indonesia;03/12/1975;;1975;12;3;;;
;;;;;;;;
Pembela Tanah Air;03/10/1943;19/08/1945;1943;10;3;1945;8;19
;;;;;;;;
Komando Daerah Militer Iskandar Muda;22/12/1956;;1956;12;22;;;
;;;;;;;;
Angkatan Bersenjata Pembebasan Nasional Timor Timur;20/08/1975;01/02/2001;1975;8;20;2001;2;1
;;;;;;;;
Sekolah Staf dan Komando Angkatan Darat;25/05/1951;;1951;5;25;;;
;;;;;;;;
Angkatan Bersenjata Republik Indonesia;05/10/1959;18/08/2000;1959;10;5;2000;8;18
;;;;;;;;
Tentara Nasional Indonesia;05/10/1945;;1945;10;5;;;
;;;;;;;;
Elang Mulia Lesmana;05/07/1978;12/05/1998;1978;7;5;1998;5-;2
;;;;;;;;
Amoroso Katamsi;21/10/1940;17/04/2018;1940;10;21;2018;4;17
;;;;;;;;
Rooslila Tahir;03/11/1927;17/05/2009;1927;11;3;2009;5;17
;;;;;;;;
Olivio Mendonca Moruk;06/09/1962;05/09/2000;1962;9;6;2000;9;5
;;;;;;;;
Ade Irawan;05/04/1937;17/01/2020;1937;4;5;2020;1;17
;;;;;;;;
Chris Pattikawa;01/10/1940;01/01/2020;1940;10;1;2020;1;1
;;;;;;;;
Ari Wibowo;26/12/1970;;1970;12;26;;;
;;;;;;;;
Cok Simbara;12/11/1953;;1953;11;12;;;
;;;;;;;;
Eno Sigit;10/04/1974;;1974;4;10;;;
;;;;;;;;
Sérgio Vieira de Mello;15/03/1948;19/08/2003;1948;3;15;2003;8;19
;;;;;;;;
Paramitha Rusady;11/08/1966;;1966;8;11;;;
;;;;;;;;
Alwin Arifin;29/08/1955;;1955;8;29;;;
;;;;;;;;
Rudy Wowor;13/12/1941;05/10/2018;1941;12;13;2018;10;5
;;;;;;;;
Arie Hanggara;21/12/1977;08/11/1984;1977;12;21;1984;11;8
;;;;;;;;
Sudono Salim;19/07/1916;10/06/2012;1916;7;19;2012;6;10
;;;;;;;;
Machica Mochtar;20/03/1970;;1970;3;20;;;
;;;;;;;;
Umar Kayam;30/04/1932;16/03/2002;1932;4;30;2002;3;16
;;;;;;;;
Erwin Gutawa;16/05/1962;;1962;5;16;;;
;;;;;;;;
Soekarno M. Noor;13/09/1931;26/07/1986;1931;9;13;1986;7;26
;;;;;;;;
Ari Sigit;03/11/1970;;1970;11;3;;;
;;;;;;;;
Soe Hok Gie;17/12/1942;16/12/1969;1942;12;17;1969;12;16
;;;;;;;;
Ade Irma Suryani Nasution;19/02/1960;06/10/1965;1960;2;19;1965;10;6
;;;;;;;;
Wawan Wanisar;13/12/1949;29/03/2021;1949;12;13;2021;3;29
;;;;;;;;
Laili Roesad;19/09/1916;;1916;9;19;;;
;;;;;;;;
Medina Latief Harjani;04/08/1970;;1970;8;4;;;
;;;;;;;;
Zairin Zain;13/09/1913;24/05/1974;1913;9;13;1974;5;24
;;;;;;;;
Emil Arifin;11/04/1959;;1959;4;11;;;
;;;;;;;;
Ilham Bintang;10/05/1955;;1955;5;10;;;
;;;;;;;;
Poppy Dharsono;08/07/1951;;1951;7;8;;;
;;;;;;;;
Johana Sunarti Nasution;01/11/1923;21/03/2010;1923;11;1;2010;3;21
;;;;;;;;
Hendriawan Sie;03/03/1978;12/05/1998;1978;3;3;1998;5;12
;;;;;;;;
Khaidir Anwar Sani;;;;;;;;
;;;;;;;;
Ratna Riantiarno;23/04/1952;;1952;4;23;;;
;;;;;;;;
Mieke Widjaja;17/03/1940;03/05/2022;1940;3;17;2022;5;3
;;;;;;;;
Hafidin Royan;28/09/1976;12/05/1998;1976;9;28;1998;5;12
;;;;;;;;
Siska Widowati;1958-00-00;;1958;;;;;
;;;;;;;;
Amran YS;;;;;;;;
;;;;;;;;
Bram Adrianto;11/02/1942;;1942;2;11;;;
;;;;;;;;
Dora Marie Sigar;21/09/1921;23/12/2008;1921;9;21;2008;12;23
;;;;;;;;
Halimah Agustina Kamil;24/03/1961;;1961;3;24;;;
;;;;;;;;
Kies Slamet;1941-00-00;;1941;;;;;
;;;;;;;;
Judilherry Justam;27/09/1948;;1948;9;27;;;
;;;;;;;;
Arief Budiman;03/01/1941;23/04/2020;1941;1;3;2020;4;23
;;;;;;;;
Arifin C. Noer;10/03/1941;28/05/1995;1941;3;10;1995;5;28
;;;;;;;;
Heri Hertanto;05/02/1977;12/05/1998;1977;2;5;1998;5;12
;;;;;;;;
Ikranagara;19/09/1943;06/03/2023;1943;9;19;2023;3;6
;;;;;;;;
Manai Sophiaan;05/09/1915;29/08/2003;1915;9;5;2003;8;29
;;;;;;;;
Maqdir Ismail;18/08/1954;;1954;8;18;;;
;;;;;;;;
Dali Tahir;25/03/1947;;1947;3;25;;;
;;;;;;;;
Ramon Papana;01/04/1957;;1957;4;1;;;
;;;;;;;;
Dipo Latief;09/01/1973;;1973;1;9;;;
;;;;;;;;
Atmono Suryo;;;;;;;;
;;;;;;;;
Didit Hediprasetyo;22/03/1984;;1984;3;22;;;
;;;;;;;;
Jajang C. Noer;28/06/1952;;1952;6;28;;;
;;;;;;;;
Anthony Salim;25/10/1949;;1949;10;25;;;
;;;;;;;;
Ruhut Sitompul;24/03/1954;;1954;3;24;;;
;;;;;;;;
Rachmat Kartolo;13/03/1938;19/09/2001;1938;3;13;2001;9;19
;;;;;;;;
Siti Hutami Endang Adiningsih;23/08/1964;;1964;8;23;;;
;;;;;;;;
Mayangsari;23/08/1971;;1971;8;23;;;
;;;;;;;;
Anindyo Baskoro;21/11/1987;;1987;11;21;;;
;;;;;;;;
Leila Chairani Budiman;25/12/1941;;1941;12;25;;;
;;;;;;;;
Piet Pagau;23/02/1950;;1950;2;23;;;
;;;;;;;;
Hashim Djojohadikusumo;05/06/1954;;1954;6;5;;;
;;;;;;;;
Bob Tutupoly;13/11/1939;05/07/2022;1939;11;13;2022;7;5
;;;;;;;;
Soedjatmoko;10/01/1922;21/12/1989;1922;1;10;1989;12;21
;;;;;;;;
Zeke Khaseli;05/07/1977;;1977;7;5;;;
;;;;;;;;
Japto Soerjosoemarno;16/12/1949;;1949;12;16;;;
;;;;;;;;
Gufran Dwipayana;12/12/1932;18/03/1990;1932;12;12;1990;3;18
;;;;;;;;
Sigit Harjojudanto;01/05/1951;;1951;5;1;;;
;;;;;;;;
Oemar Said Tjokroaminoto;1883-08-16;17/12/1934;1883;8;16;1934;12;17
;;;;;;;;
Siti Oetari;1905-00-00;1986-00-00;1905;;;1986;;
;;;;;;;;
Olo Panggabean;24/05/1941;30/04/2009;1941;5;24;2009;4;30
;;;;;;;;
Marlia Hardi;10/03/1927;18/06/1984;1927;3;10;1984;6;18
;;;;;;;;
Ahmad Dhani;26/05/1972;;1972;5;26;;;
;;;;;;;;
Slamet Suradio;18/08/1939;;1939;8;18;;;
;;;;;;;;
Raden Sjamsoeddin;01/01/1908;15/10/1950;1908;1;1;1950;10;15
;;;;;;;;
Mochtar Lubis;07/03/1922;02/07/2004;1922;3;7;2004;7;2
;;;;;;;;
Daud Beureu'eh;1896-09-23;1987-06-10;1896;9;23;1987;6;10
;;;;;;;;
Kariadi;1905-09-15;1945-10-14;1905;9;15;1945;10;14
;;;;;;;;
Edi Sukardi;1916-02-18;2014-09-05;1916;2;18;2014;9;5
;;;;;;;;
Daan Mogot;1927-12-28;1946-01-25;1927;12;28;1946;1;25
;;;;;;;;
Moekijat;1927-12-15;1985-11-01;1927;12;15;1985;11;1
;;;;;;;;
Nagatani;;;;;;;;
;;;;;;;;
Douglas MacArthur;1880-01-26;1964-04-05;1880;1;26;1964;4;5
;;;;;;;;
Pakubuwana XII;1925-04-14;2004-06-11;1925;4;14;2004;6;11
;;;;;;;;
Sutomo;1920-10-03;1981-10-07;1920;10;3;1981;10;7
;;;;;;;;
Ismael Lengah;1914-09-22;2005-01-11;1914;9;22;2005;1;11
;;;;;;;;
Archibald Wavell, 1st Earl Wavell;1883-05-05;1950-05-24;1883;5;5;1950;5;24
;;;;;;;;
Muhammad Toha;1927-00-00;1946-07-11;1927;;;1946;7;11
;;;;;;;;
Teungku Ahmad Hasballah;;;;;;;;
;;;;;;;;
Teungku Hasan Krueng Kalee;;;;;;;;
;;;;;;;;
Leslie Morshead;1889-09-18;1959-09-26;1889;9;18;1959;9;26
;;;;;;;;
Thomas Kinkaid;;;;;;;;
;;;;;;;;
Abdul Karim M.S;;;;;;;;
;;;;;;;;
Jamin Ginting;1921-01-12;1974-10-23;1921;1;12;1974;10;23
;;;;;;;;
Mangkunegara VIII;1920-01-01;1987-09-03;1920;1;1;1987;9;3
;;;;;;;;
Slamet Rijadi;1927-07-26;1950-11-04;1927;7;26;1950;11;4
;;;;;;;;
Achmadi Hadisoemarto;1927-06-05;1984-01-02;1927;6;5;1984;1;2
;;;;;;;;
Ventje Sumual;1923-06-11;2010-03-28;1923;6;11;2010;3;28
;;;;;;;;
Soengkono;1911-01-01;1977-09-12;1911;1;1;1977;9;12
;;;;;;;;
Moestopo;1913-06-13;1986-09-29;1913;6;13;1986;9;29
;;;;;;;;
Oerip Soemohardjo;1893-02-22;1948-11-17;1893;2;22;1948;11;17
;;;;;;;;
Moehammad Jasin;1920-06-09;2012-05-03;1920;6;9;2012;5;3
;;;;;;;;
Amir Sjarifoeddin;1907-04-24;1948-12-19;1907;4;24;1948;12;19
;;;;;;;;
Tan Malaka;1897-06-02;1949-02-21;1897;6;2;1949;2;21
;;;;;;;;
Syarif Hamid II dari Pontianak;1913-07-12;1978-03-30;1913;7;12;1978;3;30
;;;;;;;;
Agustinus Adisoetjipto;1916-07-03;1947-07-29;1916;7;3;1947;7;29
;;;;;;;;
R. E. Martadinata;1921-03-29;1966-10-06;1921;3;29;1966;10;6
;;;;;;;;
Alidius Tjarda van Starkenborgh Stachouwer;1888-03-07;1978-08-16;1888;3;7;1978;8;16
;;;;;;;;
Thomas C. Hart;1877-06-12;1971-07-04;1877;6;12;1971;7;4
;;;;;;;;
Richard Peirse;;;;;;;;
;;;;;;;;
Ma'ruf Amin;1943-03-11;;1943;3;11;;;
;;;;;;;;
Agus Subiyanto;1967-08-05;;1967;8;5;;;
;;;;;;;;
Listyo Sigit Prabowo;1969-05-05;;1969;5;5;;;
;;;;;;;;
Budi Gunawan;1959-12-11;;1959;12;11;;;
;;;;;;;;
Andika Perkasa;1964-12-21;;1964;12;21;;;
;;;;;;;;
Kido Shinichirō;;;;;;;;
;;;;;;;;
AJF Doulton;;;;;;;;
;;;;;;;;
MacDonald;;;;;;;;
;;;;;;;;
Teuku Keumangan Umar;;;;;;;;
;;;;;;;;
Infanteri Belanda;;;;;;;;
;;;;;;;;
F. Mollinger;;;;;;;;
;;;;;;;;
Pang Suma;;;;;;;;
;;;;;;;;
Michiaki Kamada;;;;;;;;
;;;;;;;;
T.E.D. Kelly;;;;;;;;
;;;;;;;;
Van Vreeden;;;;;;;;
;;;;;;;;
Dirk Reinhard Adelbert van Langen;1898-05-17;1983-01-20;1898;5;17;1983;1;20
;;;;;;;;
Otzuka;;;;;;;;
;;;;;;;;
Aubertin Mallaby;1899-12-12;1945-10-30;1899;12;12;1945;10;30
;;;;;;;;
Saalah Yusuf Sutan Mangkuto;1901-00-00;;1901;;;;;
;;;;;;;;
Wilhelmina dari Belanda;1880-08-31;1962-11-28;1880;8;31;1962;11;28
;;;;;;;;
Jacob Prai;1942-07-17;2022-05-26;1942;7;17;2022;5;26
;;;;;;;;
Teuku Nyak Arif;1899-07-17;1946-05-04;1899;7;17;1946;5;4
;;;;;;;;
Teuku Daud Cumbok;;;;;;;;
;;;;;;;;
J.B.T König;;;;;;;;
;;;;;;;;
Pang Rati;;;;;;;;
;;;;;;;;
Pang Iyo;;;;;;;;
;;;;;;;;
Djampi;;;;;;;;
;;;;;;;;
Baba Masao;;;;;;;;
;;;;;;;;
Mollinger;;;;;;;;
;;;;;;;;
J.M. v/d Berge;;;;;;;;
;;;;;;;;
Robert Mansergh;1900-05-12;1970-11-08;1900;5;12;1970;11;8
;;;;;;;;
Adam B.B.;1889-08-31;1953-07-15;1889;8;31;1953;7;15
;;;;;;;;
Juliana dari Belanda;1909-04-30;2004-03-20;1909;4;30;2004;3;20
;;;;;;;;
Hubertus Johannes van Mook;1894-05-20;1965-05-10;1894;5;20;1965;5;10
;;;;;;;;
Simon Spoor;1902-01-12;1949-05-25;1902;1;12;1949;5;25
;;;;;;;;
Dirk Cornelis Buurman van Vreeden;1902-06-16;1964-06-12;1902;6;16;1964;6;12
;;;;;;;;
Ludolph Hendrik van Oyen;1889-04-25;1953-07-28;1889;4;25;1953;7;28
;;;;;;;;
Louis Mountbatten;1900-06-25;1979-08-15;1900;6;25;1979;8;15
;;;;;;;;
Philip Christison;1893-11-17;1993-12-21;1893;11;17;1993;12;21
;;;;;;;;
Raymond Westerling;1919-08-31;1987-11-26;1919;8;31;1987;11;26
;;;;;;;;
Tjokorda Gde Raka Soekawati;1899-01-15;1967-00-00;1899;1;15;1967;;
;;;;;;;;
Loa Sek Hie;1898-00-00;1965-00-00;1898;;;1965;;
;;;;;;;;
Julius Tahija;1916-07-13;2002-07-30;1916;7;13;2002;7;30
;;;;;;;;
Sekarmadji Maridjan Kartosoewirjo;1905-01-07;1962-09-05;1905;1;7;1962;9;5
;;;;;;;;
Abdul Kahar Muzakkar;1921-03-24;1965-02-03;1921;3;24;1965;2;3
;;;;;;;;
Musso;1897-08-12;1948-10-31;1897;8;12;1948;10;31
;;;;;;;;
Ibō Takahashi;;;;;;;;
;;;;;;;;
Nobutake Kondō;1886-09-25;1953-02-19;1886;9;25;1953;2;19
;;;;;;;;
Maludin Simbolon;1916-04-13;2000-04-15;1916;4;13;2000;4;15
;;;;;;;;
Ahmad Husein;1925-04-01;1998-11-28;1925;4;1;1998;11;28
;;;;;;;;
Assaat;1904-09-18;1976-06-16;1904;9;18;1976;6;16
;;;;;;;;
Benny Wenda;1975-00-00;;1975;;;;;
;;;;;;;;
Mathias Wenda;;;;;;;;
;;;;;;;;
Jacob Rumbiak;1958-03-11;;1958;3;11;;;
;;;;;;;;
Egianus Kogoya;1999-00-00;;1999;;;;;
;;;;;;;;
Sebby Sambom;1975-01-03;;1975;1;3;;;
;;;;;;;;
Goliath Tabuni;1959-00-00;;1959;;;;;
;;;;;;;;
Joni Botak;;;;;;;;
;;;;;;;;
Abdulkadir Widjojoatmodjo;1904-12-18;1992-12-24;1904;12;18;1992;12;24
;;;;;;;;
