key,leadfigure,page_title,summary,wikiurl,birth_date,death_date,image
Serangan Umum Surakarta,"",Pakubuwana XII,"Letnan Jenderal TNI (Tit.) Sri Susuhunan Pakubuwana XII (disingkat sebagai PB XII, Jawa: ꦯꦩ꧀ꦥꦺꦪꦤ꧀ꦢꦊꦩ꧀ꦲꦶꦁꦏꦁ​ꦯꦶꦤꦸꦲꦸꦤ꧀ꦑꦁꦗꦼꦁ​ꦯꦸꦱꦸꦲꦸꦤꦤ꧀ꦦꦏꦸꦧꦸꦮꦤ XII; 14 April 1925 – 11 Juni 2004) adalah susuhunan Surakarta yang masa pemerintahannya paling lama di antara raja-raja Jawa, yaitu selama 59 tahun, tepatnya mulai tahun 1945 hingga 2004.",https://id.wikipedia.org/wiki/Pakubuwana_XII,1925-04-14,2004-06-11,SSISKS_Pakubuwono_XII.jpg
Serangan Umum Surakarta,"",Mangkunegara VIII,Kanjeng Gusti Pangeran Adipati Arya Mangkunegara VIII (1 Januari 1920 – 3 September 1987) adalah Adipati kedelapan Mangkunagaran yang merupakan penguasa dari Kadipaten Praja Mangkunegaraan kenaikan takhta tepat pada tanggal 19 Juli 1944 (masa pemerintahaan Jepang) dan bertepatan pada wafat ayahnya yaitu Mangkunegara VII. Mangkunegara VIII memiliki nama B.R.M Natosoeparto dipilih atas dasar karena merupakan anak laki-laki yang tertua dan mempunyai sebuah pengalaman di luar istana.,https://id.wikipedia.org/wiki/Mangkunegara_VIII,1920-01-01,1987-09-03,"Raden_Mas_Saroso_Notosoeparto,_de_latere_Mangkoe_Nagoro_VIII.jpg"
Serangan Umum Surakarta,"",Gatot Soebroto,"Jenderal TNI Gatot Soebroto (10 Oktober 1907 – 11 Juni 1962) adalah tokoh perjuangan militer Indonesia dalam merebut kemerdekaan dan juga pahlawan nasional Indonesia. Ia dimakamkan di Ungaran, kabupaten Semarang.",https://id.wikipedia.org/wiki/Gatot_Soebroto,1907-10-10,1962-06-11,"Col_Gatot_Subroto,_Kenang-Kenangan_Pada_Panglima_Besar_Letnan_Djenderal_Soedirman,_p27.jpg"
Serangan Umum Surakarta,"",Slamet Rijadi,"Brigadir Jenderal (Anumerta) TNI Ignatius Slamet Rijadi (EYD: Ignatius Slamet Riyadi; 26 Juli 1927 – 4 November 1950) adalah seorang tentara Indonesia. Rijadi lahir di Surakarta, Jawa Tengah, putra dari seorang tentara dan penjual buah. ""Dijual"" pada pamannya dan sempat berganti nama saat masih balita demi sembuh dari penyakit, Rijadi tumbuh besar di rumah orangtuanya dan belajar di sekolah milik Belanda. Setelah Jepang menduduki Hindia Belanda, Rijadi menghadiri sekolah pelaut yang dikelola oleh Jepang dan bekerja untuk mereka setelah lulus; ia meninggalkan tentara Jepang menjelang akhir Perang Dunia II dan turut mengobarkan perlawanan selama sisa pendudukan.",https://id.wikipedia.org/wiki/Slamet_Rijadi,1927-07-26,1950-11-04,"Zaterdag,_12_november_werd_in_het_stadion_te_Solo_een_grote_massabijeenkomst_geh,_Bestanddeelnr_924_(Slamet_Rijadi,_cropped).jpg"
Serangan Umum Surakarta,"",Achmadi Hadisoemarto,Mayor Jenderal TNI (Purn.) Achmadi Hadisoemarto (EYD: Akhmadi Hadisumarto; 5 Juni 1927 – 2 Januari 1984)  adalah seorang tentara Indonesia.,https://id.wikipedia.org/wiki/Achmadi_Hadisoemarto,1927-06-05,1984-01-02,Achmadi_Hadisumarto.png
Serangan Umum 1 Maret 1949,"",Hamengkubuwana IX,"Jenderal TNI (Tit.) (Purn.) H. Sri Sultan Hamengkubuwana IX (Jawa: ꦲꦩꦼꦁꦏꦸꦨꦸꦮꦤ꧇꧙꧇; 12 April 1912 – 2 Oktober 1988, lahir dengan nama Gusti Raden Mas Dorodjatun) adalah Sultan Yogyakarta kesembilan dan Gubernur Daerah Istimewa Yogyakarta yang pertama. Ia merupakan Wakil Presiden Indonesia kedua yang menjabat pada tahun 1973–1978. Hamengkubuwana IX juga merupakan Ketua Kwartir Nasional Gerakan Pramuka yang pertama dan dikenal sebagai Bapak Pramuka Indonesia.",https://id.wikipedia.org/wiki/Hamengkubuwana_IX,1912-04-12,1988-10-02,Hamengkubawono_IX_Official_Portrait.jpg
Serangan Umum 1 Maret 1949,"",Soedirman,"Jenderal Besar TNI (Anumerta) Raden Soedirman (EYD: Sudirman; 24 Januari 1916 – 29 Januari 1950) adalah seorang perwira tinggi Indonesia pada masa Revolusi Nasional Indonesia. Sebagai Panglima Besar Tentara Nasional Indonesia pertama, ia adalah sosok yang dihormati di Indonesia. Terlahir dari pasangan rakyat biasa di Purbalingga, Hindia Belanda, Soedirman diadopsi oleh pamannya yang seorang priyayi. Setelah keluarganya pindah ke Cilacap pada tahun 1916, Soedirman tumbuh menjadi seorang siswa rajin; ia sangat aktif dalam kegiatan ekstrakurikuler, termasuk mengikuti program kepanduan yang dijalankan oleh organisasi Islam Muhammadiyah. Saat di sekolah menengah, Soedirman mulai menunjukkan kemampuannya dalam memimpin dan berorganisasi. Soedirman sangat dihormati oleh masyarakat karena ketaatannya pada Islam. Setelah berhenti kuliah keguruan, pada 1936 ia mulai bekerja sebagai seorang guru, dan kemudian menjadi kepala sekolah, di sekolah dasar Muhammadiyah; ia juga aktif dalam kegiatan Muhammadiyah lainnya dan menjadi pemimpin Kelompok Pemuda Muhammadiyah pada tahun 1937. Setelah Jepang menduduki Hindia Belanda pada 1942, Soedirman tetap mengajar. Pada tahun 1944, ia bergabung dengan tentara Pembela Tanah Air (PETA) yang disponsori Jepang, menjabat sebagai komandan batalion di Banyumas. Selama menjabat, Soedirman bersama rekannya sesama prajurit melakukan pemberontakan, hingga kemudian diasingkan ke Bogor.",https://id.wikipedia.org/wiki/Soedirman,1916-01-24,1950-01-29,Sudirman.jpg
Serangan Umum 1 Maret 1949,"",Bambang Soegeng,"Letnan Jenderal TNI (Purn.) Bambang Soegeng (ER: Bambang Sugeng) (31 Oktober 1913 – 22 Juni 1977) adalah seorang tokoh militer Indonesia dan pernah menjadi Kepala Staf TNI Angkatan Darat ke-3 yang menjabat dari tanggal 22 Desember 1952 hingga 8 Mei 1955.Selain berkarier di dunia militer, Bambang juga pernah menjabat sebagai Duta Besar Indonesia untuk Vatikan, Jepang, dan Brasil.",https://id.wikipedia.org/wiki/Bambang_Soegeng,1913-10-31,1977-06-22,Djenderal_Major_Bambang_Sugeng.png
Serangan Umum 1 Maret 1949,"",Soeharto,"Jenderal Besar TNI (Purn.) H. M. Soeharto, (pelafalan dalam bahasa Indonesia: [/suːˈhɑːrtɔ/]; ER, EYD: Suharto; 8 Juni 1921 – 27 Januari 2008) adalah Presiden kedua Indonesia yang menjabat dari tahun 1967 hingga 1998. Secara luas dianggap sebagai diktator militer oleh pengamat internasional, Soeharto memimpin Indonesia sebagai rezim otoriter sejak kejatuhan pendahulunya Soekarno pada tahun 1967 hingga pengunduran dirinya pada tahun 1998 menyusul kerusuhan nasional. Kediktatorannya selama 32 tahun dianggap sebagai salah satu kediktatoran paling brutal dan korup di abad ke-20.Sebelum menjadi presiden, Soeharto adalah pemimpin militer pada masa Hindia Belanda dan Kekaisaran Jepang, dengan pangkat terakhir Mayor Jenderal. Setelah Gerakan 30 September 1965, Soeharto kemudian melakukan operasi penertiban dan pengamanan atas perintah dari Presiden Soekarno, salah satu yang dilakukannya adalah dengan menumpas Gerakan 30 September dan menyatakan bahwa PKI sebagai organisasi terlarang. Berbagai kontroversi menyebut operasi ini menewaskan sekitar 100.000 hingga 2 juta jiwa.Soeharto kemudian diberi mandat oleh Majelis Permusyawaratan Rakyat Sementara (MPRS) sebagai Presiden pada 26 Maret 1968 menggantikan Soekarno, dan resmi menjadi presiden pada tahun 1968. Ia dipilih kembali oleh MPR pada tahun 1973, 1978, 1983, 1988, 1993, dan 1998. Pada tahun 1998, masa jabatannya berakhir setelah mengundurkan diri pada tanggal 21 Mei tahun tersebut, menyusul terjadinya kerusuhan Mei 1998 dan pendudukan gedung DPR/MPR oleh ribuan mahasiswa. Ia merupakan orang terlama yang menjabat sebagai presiden Indonesia. Soeharto digantikan oleh B.J. Habibie.",https://id.wikipedia.org/wiki/Soeharto,1921-06-08,2008-01-27,"President_Suharto,_1993.jpg"
Serangan Umum 1 Maret 1949,"",Ventje Sumual,Herman Nicolas Ventje Sumual (11 Juni 1923 – 28 Maret 2010) adalah salah seorang perwira militer yang berasal dari unsur kelaskaran dan juga tokoh Permesta.,https://id.wikipedia.org/wiki/Ventje_Sumual,1923-06-11,2010-03-28,https://mmc.tirto.id/image/2017/03/02/TIRTO_2106LetkolVentjeSumual_square.JPG
Revolusi Nasional Indonesia,"",Soekarno,"Dr. (H.C.) Ir. H. Soekarno[cat.] (Ejaan Republik: Sukarno, Jawa: ꦯꦸꦑꦂꦟ, pengucapan bahasa Jawa: [suːˈkarnɔ]; 6 Juni 1901 – 21 Juni 1970) adalah seorang politikus yang berperan penting dalam Revolusi Nasional Indonesia. Ia bersama Mohammad Hatta memproklamasikan Kemerdekaan Indonesia pada tanggal 17 Agustus 1945. Ia orang pertama yang mencetuskan konsep mengenai Pancasila sebagai dasar negara Indonesia dan ia sendiri yang menamainya.Selain sebagai proklamator, Soekarno juga menjabat sebagai Presiden Republik Indonesia pertama sejak 1945 hingga 1967, dengan masa pemerintahannya dikenal juga sebagai Orde Lama.:11, 81:26-32 Pada pertengahan tahun 1960-an, di masa-masa akhir jabatan Soekarno, Indonesia mengalami stagnasi produksi, kemiskinan dan kelaparan yang merajalela, infrastruktur yang tidak terurus, dan hiperinflasi mencapai hampir 600 persen.Pada 11 Maret 1966, Soekarno menandatangani Surat Perintah yang dikenal sebagai Supersemar yang menugaskan Letnan Jenderal Soeharto untuk mengamankan dan menjaga keamanan negara dan institusi kepresidenan. Supersemar menjadi landasan Letnan Jenderal Soeharto untuk membubarkan Partai Komunis Indonesia (PKI) dan mengganti anggota-anggotanya yang duduk di parlemen. Setelah pertanggungjawabannya ditolak Majelis Permusyawaratan Rakyat Sementara (MPRS) pada sidang umum ke empat tahun 1967, Soekarno diberhentikan dari jabatannya sebagai presiden pada Sidang Istimewa MPRS pada tahun yang sama dan Soeharto menggantikannya sebagai pejabat Presiden Republik Indonesia.",https://id.wikipedia.org/wiki/Soekarno,1901-06-06,1970-06-21,Presiden_Sukarno.jpg
Revolusi Nasional Indonesia,"",Mohammad Hatta,"Dr. (H.C.) Drs. H. Mohammad Hatta atau dipanggil  Bung Hatta (12 Agustus 1902 – 14 Maret 1980) adalah seorang tokoh penting dalam perjuangan kemerdekaan Indonesia, negarawan, dan ekonom Indonesia yang menjabat sebagai Wakil Presiden Indonesia pertama. Ia bersama Soekarno adalah Proklamator Kemerdekaan, memainkan peranan sentral dalam perjuangan kemerdekaan Indonesia dari penjajahan Belanda sekaligus memproklamirkannya pada 17 Agustus 1945. Ia pernah menjabat sebagai Perdana Menteri dalam Kabinet Hatta I, Hatta II, dan RIS. Pada 1956, ia mundur dari jabatan wakil presiden.",https://id.wikipedia.org/wiki/Mohammad_Hatta,1902-08-12,1980-03-14,"Mohammad_Hatta,_Pekan_Buku_Indonesia_1954,_p242.jpg"
Revolusi Nasional Indonesia,"",Soedirman,"Jenderal Besar TNI (Anumerta) Raden Soedirman (EYD: Sudirman; 24 Januari 1916 – 29 Januari 1950) adalah seorang perwira tinggi Indonesia pada masa Revolusi Nasional Indonesia. Sebagai Panglima Besar Tentara Nasional Indonesia pertama, ia adalah sosok yang dihormati di Indonesia. Terlahir dari pasangan rakyat biasa di Purbalingga, Hindia Belanda, Soedirman diadopsi oleh pamannya yang seorang priyayi. Setelah keluarganya pindah ke Cilacap pada tahun 1916, Soedirman tumbuh menjadi seorang siswa rajin; ia sangat aktif dalam kegiatan ekstrakurikuler, termasuk mengikuti program kepanduan yang dijalankan oleh organisasi Islam Muhammadiyah. Saat di sekolah menengah, Soedirman mulai menunjukkan kemampuannya dalam memimpin dan berorganisasi. Soedirman sangat dihormati oleh masyarakat karena ketaatannya pada Islam. Setelah berhenti kuliah keguruan, pada 1936 ia mulai bekerja sebagai seorang guru, dan kemudian menjadi kepala sekolah, di sekolah dasar Muhammadiyah; ia juga aktif dalam kegiatan Muhammadiyah lainnya dan menjadi pemimpin Kelompok Pemuda Muhammadiyah pada tahun 1937. Setelah Jepang menduduki Hindia Belanda pada 1942, Soedirman tetap mengajar. Pada tahun 1944, ia bergabung dengan tentara Pembela Tanah Air (PETA) yang disponsori Jepang, menjabat sebagai komandan batalion di Banyumas. Selama menjabat, Soedirman bersama rekannya sesama prajurit melakukan pemberontakan, hingga kemudian diasingkan ke Bogor.",https://id.wikipedia.org/wiki/Soedirman,1916-01-24,1950-01-29,Sudirman.jpg
Revolusi Nasional Indonesia,"",Oerip Soemohardjo,"Jenderal TNI (Anumerta) Raden  Oerip Soemohardjo (EYD: Raden Urip Sumoharjo; nama baptis: Benedict Oerip Soemohardjo; 22 Februari 1893 – 17 November 1948) adalah seorang jenderal dan kepala staf umum Tentara Nasional Indonesia pertama pada masa Revolusi Nasional Indonesia. Lahir di Purworejo, Hindia Belanda, Oerip kecil adalah anak nakal yang sudah memperlihatkan kemampuan memimpin sejak usia dini. Orangtuanya menginginkan dirinya untuk mengikuti jejak kakeknya sebagai bupati, oleh sebab itu, setamat sekolah dasar, ia dikirim ke Sekolah Pendidikan Pegawai Pribumi (OSVIA) di Magelang. Ibunya wafat saat ia menjalani tahun kedua di sekolah, dan Oerip berhenti sekolah untuk mengikuti pelatihan militer di Meester Cornelis, Batavia (kini Jatinegara, Jakarta). Setelah lulus pada tahun 1914, ia menjadi letnan di Koninklijk Nederlands-Indische Leger (KNIL), tentara pemerintah kolonial Belanda. Bertugas selama hampir 25 tahun, ia ditempatkan di tiga pulau berbeda dan dipromosikan beberapa kali, dan akhirnya menjadi perwira pribumi dengan pangkat tertinggi di KNIL.",https://id.wikipedia.org/wiki/Oerip_Soemohardjo,1893-02-22,1948-11-17,Oerip_Soemohardjo_5_November_1947_KR.JPG
Revolusi Nasional Indonesia,"",Sutan Sjahrir,"Sutan Syahrir (ejaan lama: Soetan Sjahrir, 5 Maret 1909 – 9 April 1966) adalah seorang intelektual, perintis, dan revolusioner kemerdekaan Indonesia. Setelah Indonesia merdeka, ia menjadi politikus dan perdana menteri pertama Indonesia. Ia menjabat sebagai Perdana Menteri Indonesia dari 14 November 1945 hingga 20 Juni 1947. Sjahrir mendirikan Partai Sosialis Indonesia pada tahun 1948. Ia meninggal dalam pengasingan sebagai tawanan politik dan dimakamkan di TMP Kalibata, Jakarta. Sutan Sjahrir ditetapkan sebagai salah seorang Pahlawan Nasional Indonesia pada tanggal 9 April 1966 melalui Keppres nomor 76 tahun 1966.",https://id.wikipedia.org/wiki/Sutan_Sjahrir,1909-03-05,1966-04-09,Soetan_Sjahrir_1948.jpg
Revolusi Nasional Indonesia,"",Hamengkubuwana IX,"Jenderal TNI (Tit.) (Purn.) H. Sri Sultan Hamengkubuwana IX (Jawa: ꦲꦩꦼꦁꦏꦸꦨꦸꦮꦤ꧇꧙꧇; 12 April 1912 – 2 Oktober 1988, lahir dengan nama Gusti Raden Mas Dorodjatun) adalah Sultan Yogyakarta kesembilan dan Gubernur Daerah Istimewa Yogyakarta yang pertama. Ia merupakan Wakil Presiden Indonesia kedua yang menjabat pada tahun 1973–1978. Hamengkubuwana IX juga merupakan Ketua Kwartir Nasional Gerakan Pramuka yang pertama dan dikenal sebagai Bapak Pramuka Indonesia.",https://id.wikipedia.org/wiki/Hamengkubuwana_IX,1912-04-12,1988-10-02,Hamengkubawono_IX_Official_Portrait.jpg
Revolusi Nasional Indonesia,"",Pakubuwana XII,"Letnan Jenderal TNI (Tit.) Sri Susuhunan Pakubuwana XII (disingkat sebagai PB XII, Jawa: ꦯꦩ꧀ꦥꦺꦪꦤ꧀ꦢꦊꦩ꧀ꦲꦶꦁꦏꦁ​ꦯꦶꦤꦸꦲꦸꦤ꧀ꦑꦁꦗꦼꦁ​ꦯꦸꦱꦸꦲꦸꦤꦤ꧀ꦦꦏꦸꦧꦸꦮꦤ XII; 14 April 1925 – 11 Juni 2004) adalah susuhunan Surakarta yang masa pemerintahannya paling lama di antara raja-raja Jawa, yaitu selama 59 tahun, tepatnya mulai tahun 1945 hingga 2004.",https://id.wikipedia.org/wiki/Pakubuwana_XII,1925-04-14,2004-06-11,SSISKS_Pakubuwono_XII.jpg
Revolusi Nasional Indonesia,"",Abdul Haris Nasution,"Jenderal Besar TNI (Purn.) Dr. (H.C.) Abdul Haris Nasution (3 Desember 1918 – 6 September 2000) adalah seorang jenderal berpangkat tinggi dan politikus Indonesia. Ia bertugas di militer selama Revolusi Nasional Indonesia dan ia tetap di militer selama gejolak berikutnya dari demokrasi Parlementer dan Demokrasi Terpimpin. Setelah jatuhnya Presiden Soekarno dari kekuasaan, ia menjadi Ketua Majelis Permusyawaratan Rakyat Sementara (MPRS) di bawah presiden Soeharto. Lahir dari keluarga Batak Mandailing, di desa Hutapungkut, ia belajar mengajar dan mendaftar di akademi militer di Bandung.",https://id.wikipedia.org/wiki/Abdul_Haris_Nasution,1918-12-03,2000-09-06,Abdul Haris Nasution.jpg
Revolusi Nasional Indonesia,"",Syafruddin Prawiranegara,"Mr. Sjafruddin Prawiranegara (EYD: Syafruddin Prawiranegara) 28 Februari 1911 – 15 Februari 1989) adalah seorang negarawan dan ekonom Indonesia. Ia memimpin Indonesia sebagai Ketua Pemerintah Darurat Republik Indonesia (PDRI). Selama masa Demokrasi Liberal, ia menjabat sebagai Menteri Keuangan dan Gubernur Bank Indonesia pertama.",https://id.wikipedia.org/wiki/Syafruddin_Prawiranegara,1911-02-28,1989-02-15,Sjafruddin_Prawiranegara.jpg
Revolusi Nasional Indonesia,"",Gatot Soebroto,"Jenderal TNI Gatot Soebroto (10 Oktober 1907 – 11 Juni 1962) adalah tokoh perjuangan militer Indonesia dalam merebut kemerdekaan dan juga pahlawan nasional Indonesia. Ia dimakamkan di Ungaran, kabupaten Semarang.",https://id.wikipedia.org/wiki/Gatot_Soebroto,1907-10-10,1962-06-11,"Col_Gatot_Subroto,_Kenang-Kenangan_Pada_Panglima_Besar_Letnan_Djenderal_Soedirman,_p27.jpg"
Revolusi Nasional Indonesia,"",Bambang Soegeng,"Letnan Jenderal TNI (Purn.) Bambang Soegeng (ER: Bambang Sugeng) (31 Oktober 1913 – 22 Juni 1977) adalah seorang tokoh militer Indonesia dan pernah menjadi Kepala Staf TNI Angkatan Darat ke-3 yang menjabat dari tanggal 22 Desember 1952 hingga 8 Mei 1955.Selain berkarier di dunia militer, Bambang juga pernah menjabat sebagai Duta Besar Indonesia untuk Vatikan, Jepang, dan Brasil.",https://id.wikipedia.org/wiki/Bambang_Soegeng,1913-10-31,1977-06-22,Djenderal_Major_Bambang_Sugeng.png
Revolusi Nasional Indonesia,"",Sutomo,Sutomo (3 Oktober 1920 – 7 Oktober 1981) atau lebih dikenal dengan sapaan akrab Bung Tomo adalah pahlawan nasional Indonesia dan pemimpin militer Indonesia pada masa Revolusi Nasional Indonesia yang dikenal karena peranannya dalam Pertempuran 10 November 1945.,https://id.wikipedia.org/wiki/Sutomo,1920-10-03,1981-10-07,Bung_Tomo.jpg
Revolusi Nasional Indonesia,"",Moehammad Jasin,"Komisaris Jenderal Polisi (Purn.) Dr. H. Moehammad Jasin (9 Juni 1920 – 3 Mei 2012) yang dikenal sebagai ""Bapak Brimob Polri"". Moehammad Jasin menghembuskan nafas terakhir pada hari Kamis tanggal 3 Mei 2012 pukul 15.30 WIB, dalam usia 91 tahun di RS Polri Kramat Jati dan dimakamkan di Taman Makam Pahlawan Kalibata.",https://id.wikipedia.org/wiki/Moehammad_Jasin,1920-06-09,2012-05-03,Moehammad_Jasin.jpg
Revolusi Nasional Indonesia,"",T.B. Simatupang,Letnan Jenderal TNI (Purn.) Tahi Bonar Simatupang (disingkat sebagai T.B. Simatupang; 28 Januari 1920 – 1 Januari 1990) adalah seorang tokoh militer dan tokoh Gereja di Indonesia.,https://id.wikipedia.org/wiki/T.B._Simatupang,1920-01-28,1990-01-01,"Kolonel_Simatoepang_Chef-staf_van_de_TNI,_uitgever_van_de_order_""staakt_het_vure…,_Bestanddeelnr_344030_010.jpg"
Revolusi Nasional Indonesia,"",Soeharto,"Jenderal Besar TNI (Purn.) H. M. Soeharto, (pelafalan dalam bahasa Indonesia: [/suːˈhɑːrtɔ/]; ER, EYD: Suharto; 8 Juni 1921 – 27 Januari 2008) adalah Presiden kedua Indonesia yang menjabat dari tahun 1967 hingga 1998. Secara luas dianggap sebagai diktator militer oleh pengamat internasional, Soeharto memimpin Indonesia sebagai rezim otoriter sejak kejatuhan pendahulunya Soekarno pada tahun 1967 hingga pengunduran dirinya pada tahun 1998 menyusul kerusuhan nasional. Kediktatorannya selama 32 tahun dianggap sebagai salah satu kediktatoran paling brutal dan korup di abad ke-20.Sebelum menjadi presiden, Soeharto adalah pemimpin militer pada masa Hindia Belanda dan Kekaisaran Jepang, dengan pangkat terakhir Mayor Jenderal. Setelah Gerakan 30 September 1965, Soeharto kemudian melakukan operasi penertiban dan pengamanan atas perintah dari Presiden Soekarno, salah satu yang dilakukannya adalah dengan menumpas Gerakan 30 September dan menyatakan bahwa PKI sebagai organisasi terlarang. Berbagai kontroversi menyebut operasi ini menewaskan sekitar 100.000 hingga 2 juta jiwa.Soeharto kemudian diberi mandat oleh Majelis Permusyawaratan Rakyat Sementara (MPRS) sebagai Presiden pada 26 Maret 1968 menggantikan Soekarno, dan resmi menjadi presiden pada tahun 1968. Ia dipilih kembali oleh MPR pada tahun 1973, 1978, 1983, 1988, 1993, dan 1998. Pada tahun 1998, masa jabatannya berakhir setelah mengundurkan diri pada tanggal 21 Mei tahun tersebut, menyusul terjadinya kerusuhan Mei 1998 dan pendudukan gedung DPR/MPR oleh ribuan mahasiswa. Ia merupakan orang terlama yang menjabat sebagai presiden Indonesia. Soeharto digantikan oleh B.J. Habibie.",https://id.wikipedia.org/wiki/Soeharto,1921-06-08,2008-01-27,"President_Suharto,_1993.jpg"
Revolusi Nasional Indonesia,"",Amir Sjarifoeddin,"Mr. Amir Sjarifoeddin Harahap (ER, EYD: Amir Syarifuddin Harahap; 27 April 1907 – 19 Desember 1948) adalah seorang politikus dan jurnalis Indonesia. Ia menjabat sebagai Perdana Menteri Indonesia ketika Revolusi Nasional Indonesia sedang berlangsung. Amir adalah pemimpin sayap kiri terdepan pada masa Revolusi. Pada tahun 1948. Sebagai pemimpin pemberontakan  PKI Madiun bersama Musso, Amir dieksekusi mati bersama beberapa tokoh PKI lainnya yang terlibat dalam Peristiwa Madiun.",https://id.wikipedia.org/wiki/Amir_Sjarifoeddin,1907-04-24,1948-12-19,Amir_Sjarifoeddin.jpg
Revolusi Nasional Indonesia,"",Tan Malaka,"Tan Malaka atau Ibrahim Gelar Datuk Sutan Malaka (2 Juni 1897 – 21 Februari 1949) adalah pengajar, filsuf, pejuang kemerdekaan Indonesia, pendiri Partai Murba, salah satu Pahlawan Nasional Indonesia, dan penulis Naar de Republiek Indonesia, buku pertama yang ditulis oleh pribumi Hindia Belanda untuk menggambarkan gagasan Hindia Belanda yang merdeka sebagai Indonesia, untuk itu Muhammad Yamin memberikan julukan Tan Malaka sebagai 'Bapak Republik Indonesia'.",https://id.wikipedia.org/wiki/Tan_Malaka,1897-06-02,1949-02-21,TanMalaka_DariPendjara_ed3.jpg
Revolusi Nasional Indonesia,"",Syarif Hamid II dari Pontianak,"Sultan Hamid II, lahir dengan nama Syarif Abdul Hamid Alkadrie, (12 Juli 1913 – 30 Maret 1978) adalah putra sulung Sultan Pontianak ke-6, Sultan Syarif Muhammad Alkadrie, adalah perancang Lambang Negara Indonesia, Garuda Pancasila. Ia memiliki darah keturunan Arab-Indonesia. Semasa hidupnya, Hamid II beristrikan seorang perempuan Belanda kelahiran Surabaya, yang memberikannya dua anak yang sekarang tinggal di Belanda.",https://id.wikipedia.org/wiki/Syarif_Hamid_II_dari_Pontianak,1913-07-12,1978-03-30,Syarif_Hamid_II_of_Pontianak.jpg
Revolusi Nasional Indonesia,"",Agustinus Adisoetjipto,Komodor Muda Udara (Anumerta) dr. Agustinus Adisoetjipto (Hanacaraka: ꦄꦒꦸꦱ꧀ꦠꦶꦤꦸꦱ꧀‌ꦄꦢꦶꦱꦸꦕꦶꦥ꧀ꦠ) (3 Juli 1916 – 29 Juli 1947) adalah seorang pahlawan nasional beragama Katolik Roma dan seorang komodor udara Indonesia. Ia merupakan Bapak Penerbang Indonesia.,https://id.wikipedia.org/wiki/Agustinus_Adisoetjipto,1916-07-03,1947-07-29,Potret_Adisucipto.jpg
Revolusi Nasional Indonesia,"",R. E. Martadinata,"Laksamana TNI (Purn.) Raden Eddy Martadinata merupakan tokoh di bidang militer angkatan laut yang lahir di Bandung (29 Maret 1921 – 6 Oktober 1966), atau yang lebih dikenal dengan nama R. E. Martadinata, adalah tokoh ALRI (Angkatan Laut Republik Indonesia) dan pahlawan nasional Indonesia. Ia meninggal dunia akibat kecelakaan helikopter di Riung Gunung dan dimakamkan di TMP Kalibata, Jakarta.",https://id.wikipedia.org/wiki/R._E._Martadinata,1921-03-29,1966-10-06,R.E_Martadinata_colorized_by_colorbykevin.jpg
Puputan Margarana,"",I Gusti Ngurah Rai,"Brigadir Jenderal TNI (Anumerta) I Gusti Ngurah Rai (30 Januari 1917 – 20 November 1946) adalah seorang tokoh militer Indonesia, yang berjasa dalam Perang Kemerdekaan. Ia merupakan pendiri dan panglima pertama satuan angkatan bersenjata Republik Indonesia di Kepulauan Sunda Kecil, yang memimpin langsung perlawanan bersenjata anti-Belanda di Bali. Ia gugur pada bulan November 1946 dalam pertempuran dengan pasukan Belanda di dekat desa Marga, Bali tengah.",https://id.wikipedia.org/wiki/I_Gusti_Ngurah_Rai,1917-01-30,1946-11-20,Lukisan_I_Gusti_Ngurah.jpg
Pertempuran Surabaya,"",Sutomo,Sutomo (3 Oktober 1920 – 7 Oktober 1981) atau lebih dikenal dengan sapaan akrab Bung Tomo adalah pahlawan nasional Indonesia dan pemimpin militer Indonesia pada masa Revolusi Nasional Indonesia yang dikenal karena peranannya dalam Pertempuran 10 November 1945.,https://id.wikipedia.org/wiki/Sutomo,1920-10-03,1981-10-07,Bung_Tomo.jpg
Pertempuran Surabaya,"",Soengkono,"Mayor Jenderal TNI (Purn.) Soengkono (1 Januari 1911 – 12 September 1977) adalah seorang tokoh militer Indonesia dan merupakan tokoh dalam Pertempuran Surabaya  10 November 1945 di Surabaya, Jawa Timur. Saat itu ia menjabat komandan BKR (Badan Keamanan Rakyat). Saat ini namanya diabadikan menjadi nama jalan utama di Kota Surabaya yaitu Jalan Mayjen Sungkono.",https://id.wikipedia.org/wiki/Soengkono,1911-01-01,1977-09-12,"Col_Sungkono,_Kenang-Kenangan_Pada_Panglima_Besar_Letnan_Djenderal_Soedirman,_p27.jpg"
Pertempuran Surabaya,"",Moestopo,"Mayor Jenderal TNI (Purn.) Prof. DR. Moestopo (13 Juni 1913 – 29 September 1986) adalah seorang dokter gigi Indonesia, pejuang kemerdekaan, dan pendidik. Dia dinyatakan sebagai Pahlawan Nasional pada tanggal 9 November 2007.",https://id.wikipedia.org/wiki/Moestopo,1913-06-13,1986-09-29,Prof-Dr-Moestopo1.jpg
Pertempuran Surabaya,"",Muhammad Mangundiprojo,Mayor Jenderal TNI (Purn.) Raden Muhammad Mangoendiprodjo (EYD: Muhammad Mangundiprojo; 5 Januari 1905 – 13 Desember 1988) adalah seorang pejuang kemerdekaan dan perwira militer Indonesia yang ikut serta dalam Pertempuran Surabaya pada tanggal 10 November 1945. Ia diangkat sebagai Pahlawan Nasional Indonesia oleh Presiden Joko Widodo pada tanggal 7 November 2014.,https://id.wikipedia.org/wiki/Muhammad_Mangundiprojo,1905-01-05,1988-12-13,Muhammadmangundiprojo.png
Pertempuran Surabaya,"",Moehammad Jasin,"Komisaris Jenderal Polisi (Purn.) Dr. H. Moehammad Jasin (9 Juni 1920 – 3 Mei 2012) yang dikenal sebagai ""Bapak Brimob Polri"". Moehammad Jasin menghembuskan nafas terakhir pada hari Kamis tanggal 3 Mei 2012 pukul 15.30 WIB, dalam usia 91 tahun di RS Polri Kramat Jati[1] dan dimakamkan di Taman Makam Pahlawan Kalibata.",https://id.wikipedia.org/wiki/Moehammad_Jasin,1920-06-09,2012-05-03,Moehammad_Jasin.jpg
Pertempuran Surabaya,"",Hario Jonosewojo,"Mayor Jenderal TNI (Purn.) Kanjeng Raden Mas Hario Jonosewojo Handajaningrat atau K.R.M. Hario Jonosewojo Handajaningrat (9 Juni 1921 – 22 Maret 1994) adalah seorang tokoh militer Indonesia. Dan mantan Panglima Divisi VI/Narotama TRI. Ia juga seorang tokoh yang berperan dalam membantu dalam perjuangan kemerdekaan Indonesia dan perkembangan lembaga olahraga di Indonesia. Ia akrab dipanggil mas Piet. Ia merupakan lulusan pendidikan di Command General Staff College Regular Course di Fort Leavenworth Kansas, AS pada tahun 1960-1961, dimana sepulang dari pendidikan tersebut beliau dan keluarga menempati kediaman di jalan Lembang Terusan, Jakarta hingga akhir hayatnya. Sejak remaja ia sering bermain tennis. Ia sering mengikuti berbagai kejuaraan namun belum pernah juara. Ia masuk PELTI (Persatuan Lawn Tennis Indonesia) sejak serikat tennis ini didirikan pada tahun 1948. 15 tahun semenjak ia bergabung dengan PELTI, ia dipercaya menjadi ketua umum PELTI pada tahun 1963. Ia juga pernah menjadi Ajudan Senior Pejabat Presiden Djuanda dan kepala sekuriti BKR (Badan Keamanan Rakyat) Surabaya.[1]",https://id.wikipedia.org/wiki/Hario_Jonosewojo,1920-06-09,1994-03-22,https://d220hvstrn183r.cloudfront.net/attachment/55089736130230161617.large
Pertempuran Medan Area,"",Achmad Tahir,Jenderal TNI (HOR) (Purn.) Achmad Tahir (27 Juni 1924 – 17 Agustus 2002) adalah seorang pejuang kemerdekaan dan tokoh militer Indonesia. Dia pernah mengemban tugas sebagai Panglima Divisi IV/TKR pada zaman revolusi kemerdekaan Indonesia.,https://id.wikipedia.org/wiki/Achmad_Tahir,1924-06-27,2002-08-17,Achmad Tahir - Fourth Development Cabinet.jpg
Pertempuran Medan Area,Abdul Karim M.S,,,,,,
Pertempuran Medan Area,"",Jamin Ginting,Letnan Jenderal TNI (Purn.) Drs. Jamin Ginting Suka (disingkat sebagai Jamin Gintings; Ejaan Republik: Djamin Gintings; 12 Januari 1921 – 23 Oktober 1974) adalah salah satu pejuang kemerdekaan Indonesia yang berasal dari Taneh Karo. Ia diangkat sebagai Pahlawan Nasional Indonesia oleh Joko Widodo pada tanggal 7 November 2014 lalu.,https://id.wikipedia.org/wiki/Jamin_Ginting,1921-01-12,1974-10-23,Djamin_Ginting.jpg
Pertempuran Lima Hari,"",Kariadi,"Untuk nama rumah sakit, lihat: Rumah Sakit Umum Pusat Dr. Kariadi.dr. Kariadi (15 September 1905 – 14 Oktober 1945) adalah pejuang Indonesia sekaligus dokter, pahlawan nasional yang gugur dalam Pertempuran Lima Hari, Semarang - Jawa Tengah. Namanya kini diabadikan di Rumah Sakit Umum Pusat Dr. Kariadi, Semarang.",https://id.wikipedia.org/wiki/Kariadi,1905-09-15,1945-10-14,https://static.promediateknologi.id/crop/0x0:0x0/750x500/webp/photo/2021/11/09/2160610581.jpg
Pertempuran Lima Hari,"",Wongsonegoro,"Mr. Wongsonegoro (20 April 1897 – 4 Maret 1978) adalah Wakil Perdana Menteri Indonesia Kabinet Ali Sastroamidjojo I pada tahun 1953 hingga tahun 1955 dan Menteri Pendidikan dan Kebudayaan Indonesia pada tahun 1951 hingga tahun 1952. Selain itu pada masa persiapan kemerdekaan Indonesia, ia juga bergabung dengan BPUPKI, mewakili Surakarta, bersama-sama dengan Wuryaningrat, Sosrodiningrat, dan Radjiman Wedyodiningrat.",https://id.wikipedia.org/wiki/Wongsonegoro,1897-04-20,1978-03-04,"Wongsonegoro,_Kami_Perkenalkan_(1954),_p17.jpg"
Pertempuran Lengkong,"",Daan Mogot,"Elias Daniel Mogot, atau lebih dikenal dengan nama Daan Mogot (28 Desember 1927 – 25 Januari 1946), adalah seorang pejuang kemerdekaan Indonesia dan mantan anggota (dan pelatih) PETA di Bali dan Jakarta pada tahun 1942-1945. Setelah Perang Dunia ke-2 selesai, ia menjadi Komandan TKR di Jakarta dengan pangkat Mayor. Bulan November 1945 mendirikan sekaligus menjadi Direktur Pertama Akademi Militer Tangerang (MAT) dalam usia 18 tahun. Ia gugur di Hutan Lengkong, di selatan Kota Tangerang, bersama 36 orang lainnya dalam pertempuran melawan tentara Jepang saat hendak melucuti senjata mereka di Hutan Lengkong di Tangerang.",https://id.wikipedia.org/wiki/Daan_Mogot,1927-12-28,1946-01-25,Daan_Mogot_1.jpg
Pertempuran Kumai,,,,,,,
Pertempuran Bojong Kokosan,"",Edi Sukardi,"Kolonel  Inf. (Purn.) Edi Sukardi adalah seorang letnan kolonel Indonesia. Letkol Edi tercatat sebagai pemimpin dalam pertempuran Bojongkokosan yang terjadi di Sukabumi, 9 Desember 1945. Pertempuran Bojongkokosan kemudian diperingati sebagai Hari Juang Siliwangi. Dalam pertempuran Bojongkokosan, Tentara Keamanan Rakyat (TKR) dan berbagai spektrum laskar rakyat, baik kiri maupun kanan, mencegat tentara Inggris. Sebanyak 73 anggota TKR gugur, begitu juga lebih dari 80 orang tentara Inggris tewas. ",https://id.wikipedia.org/wiki/Edi_Sukardi,1916-02-18,2014-09-05,https://asset.kompas.com/crops/2smuVP-LEEDoc5vLkCgfE03gmtA=/777x584:2053x1435/750x500/data/photo/2021/12/31/61ce9776188f8.png
Peristiwa Tiga Maret,"",Ismael Lengah,"Kolonel Ismael Lengah (22 September 1914 – 11 Januari 2005) adalah seorang tokoh militer dan pejuang kemerdekaan Indonesia. Pada tahun 1956 Ismael Lengah menjabat sebagai Panglima Komando Divisi IX Banteng sebelum meletusnya peristiwa PRRI. Komando Divisi IX Banteng adalah salah satu divisi dalam Angkatan Perang Republik Indonesia (APRI) dengan teritorial Sumatra Tengah yang meliputi provinsi Sumatera Barat, Riau, Kepulauan Riau dan Jambi sekarang. Ismael Lengah menjabat posisi panglima dengan pangkat Kolonel ketika itu.Sebelum dan sesudah kemerdekaan Ismael Lengah selalu aktif dalam perjuangan mengusir penjajah. Ia juga pernah memimpin suatu rapat rahasia di Padang yang dilangsungkan pada tanggal 18 Agustus 1945 yang kemudian berlanjut pada tanggal 25 Agustus 1945 dengan mendirikan Balai Penerangan Pemuda Indonesia (BPPI) yang diketuai langsung olehnya. Kelanjutan dari itu pada tanggal 31 Agustus, terbentuklah Komite Nasional Indonesia (KNI) Daerah Sumatra Tengah yang diketuai oleh Muhammad Sjafei.",https://id.wikipedia.org/wiki/Ismael_Lengah,1914-09-22,2005-01-11,https://asset.kompas.com/crops/dnVXmfGXkoUifmdX37ydnOPlKeY=/0x166:1000x833/750x500/data/photo/2023/03/15/64111c9ba8710.jpeg
Peristiwa 19 November,,,,,,,
Perang Dayak Desa,Nagatani,,,,,,
Perang Cumbok,"",Daud Beureu'eh,"Teungku Muhammad Daud Beureueh (23 September 1896 – 10 Juni 1987)  atau bertepatan dengan 10 Zulhijjah 1316 Hijriah, akrab disapa Ayah Daud adalah mantan Gubernur Militer Aceh, Langkat dan Tanah Karo dan pejuang kemerdekaan Indonesia. Ia merupakan tokoh kontroversial yang populer di kalangan masyarakat Aceh. Ia melakukan pemberontakan kepada pemerintah dengan mendirikan NII akibat Soekarno yang melanggar perjanjian dengan rakyat Aceh dan ketidakpuasannya atas pemerintahan Soekarno. Namanya kini diabadikan untuk sebuah jalan di Banda Aceh.",https://id.wikipedia.org/wiki/Daud_Beureu%27eh,1896-09-23,1987-06-10,Teuku Daud Beureueh.jpg
Perang Cumbok,Teungku Ahmad Hasballah,,,,,,
Perang Cumbok,Teungku Hasan Krueng Kalee,,,,,,
Perang Cumbok,"",Syamaun Gaharu,Brigjen TNI (Purn.) H. Syamaun Gaharu (10 November 1913 – 30 September 2000) adalah seorang tokoh pejuang kemerdekaan menentang pemerintahan Hindia Belanda di Aceh.,https://id.wikipedia.org/wiki/Syamaun_Gaharu,1913-11-10,2000-09-30,Letnan_Kolonel_Sjamaun_Gaharu.jpg
Penyerbuan Kotabaru Yogyakarta,"",Hamengkubuwana IX,"Jenderal TNI (Tit.) (Purn.) H. Sri Sultan Hamengkubuwana IX (Jawa: ꦲꦩꦼꦁꦏꦸꦨꦸꦮꦤ꧇꧙꧇; 12 April 1912 – 2 Oktober 1988, lahir dengan nama Gusti Raden Mas Dorodjatun) adalah Sultan Yogyakarta kesembilan dan Gubernur Daerah Istimewa Yogyakarta yang pertama. Ia merupakan Wakil Presiden Indonesia kedua yang menjabat pada tahun 1973–1978. Hamengkubuwana IX juga merupakan Ketua Kwartir Nasional Gerakan Pramuka yang pertama dan dikenal sebagai Bapak Pramuka Indonesia.",https://id.wikipedia.org/wiki/Hamengkubuwana_IX,1912-04-12,1988-10-02,Hamengkubawono_IX_Official_Portrait.jpg
Penyerbuan Kotabaru Yogyakarta,"",Soeharto,"Jenderal Besar TNI (Purn.) H. M. Soeharto, (pelafalan dalam bahasa Indonesia: [/suːˈhɑːrtɔ/]; ER, EYD: Suharto; 8 Juni 1921 – 27 Januari 2008) adalah Presiden kedua Indonesia yang menjabat dari tahun 1967 hingga 1998. Secara luas dianggap sebagai diktator militer oleh pengamat internasional, Soeharto memimpin Indonesia sebagai rezim otoriter sejak kejatuhan pendahulunya Soekarno pada tahun 1967 hingga pengunduran dirinya pada tahun 1998 menyusul kerusuhan nasional. Kediktatorannya selama 32 tahun dianggap sebagai salah satu kediktatoran paling brutal dan korup di abad ke-20.Sebelum menjadi presiden, Soeharto adalah pemimpin militer pada masa Hindia Belanda dan Kekaisaran Jepang, dengan pangkat terakhir Mayor Jenderal. Setelah Gerakan 30 September 1965, Soeharto kemudian melakukan operasi penertiban dan pengamanan atas perintah dari Presiden Soekarno, salah satu yang dilakukannya adalah dengan menumpas Gerakan 30 September dan menyatakan bahwa PKI sebagai organisasi terlarang. Berbagai kontroversi menyebut operasi ini menewaskan sekitar 100.000 hingga 2 juta jiwa.Soeharto kemudian diberi mandat oleh Majelis Permusyawaratan Rakyat Sementara (MPRS) sebagai Presiden pada 26 Maret 1968 menggantikan Soekarno, dan resmi menjadi presiden pada tahun 1968. Ia dipilih kembali oleh MPR pada tahun 1973, 1978, 1983, 1988, 1993, dan 1998. Pada tahun 1998, masa jabatannya berakhir setelah mengundurkan diri pada tanggal 21 Mei tahun tersebut, menyusul terjadinya kerusuhan Mei 1998 dan pendudukan gedung DPR/MPR oleh ribuan mahasiswa. Ia merupakan orang terlama yang menjabat sebagai presiden Indonesia. Soeharto digantikan oleh B.J. Habibie.",https://id.wikipedia.org/wiki/Soeharto,1921-06-08,2008-01-27,"President_Suharto,_1993.jpg"
Pemberontakan DI/TII di Aceh,"",Daud Beureu'eh,"Teungku Muhammad Daud Beureueh (23 September 1896 – 10 Juni 1987)  atau bertepatan dengan 10 Zulhijjah 1316 Hijriah, akrab disapa Ayah Daud adalah mantan Gubernur Militer Aceh, Langkat dan Tanah Karo dan pejuang kemerdekaan Indonesia. Ia merupakan tokoh kontroversial yang populer di kalangan masyarakat Aceh. Ia melakukan pemberontakan kepada pemerintah dengan mendirikan NII akibat Soekarno yang melanggar perjanjian dengan rakyat Aceh dan ketidakpuasannya atas pemerintahan Soekarno. Namanya kini diabadikan untuk sebuah jalan di Banda Aceh.",https://id.wikipedia.org/wiki/Daud_Beureu%27eh,1896-09-23,1987-06-10,Teuku Daud Beureueh.jpg
Operasi 17 Agustus,"",Soekarno,"Dr. (H.C.) Ir. H. Soekarno[cat.] (Ejaan Republik: Sukarno, Jawa: ꦯꦸꦑꦂꦟ, pengucapan bahasa Jawa: [suːˈkarnɔ]; 6 Juni 1901 – 21 Juni 1970) adalah seorang politikus yang berperan penting dalam Revolusi Nasional Indonesia. Ia bersama Mohammad Hatta memproklamasikan Kemerdekaan Indonesia pada tanggal 17 Agustus 1945. Ia orang pertama yang mencetuskan konsep mengenai Pancasila sebagai dasar negara Indonesia dan ia sendiri yang menamainya.Selain sebagai proklamator, Soekarno juga menjabat sebagai Presiden Republik Indonesia pertama sejak 1945 hingga 1967, dengan masa pemerintahannya dikenal juga sebagai Orde Lama.:11, 81:26-32 Pada pertengahan tahun 1960-an, di masa-masa akhir jabatan Soekarno, Indonesia mengalami stagnasi produksi, kemiskinan dan kelaparan yang merajalela, infrastruktur yang tidak terurus, dan hiperinflasi mencapai hampir 600 persen.Pada 11 Maret 1966, Soekarno menandatangani Surat Perintah yang dikenal sebagai Supersemar yang menugaskan Letnan Jenderal Soeharto untuk mengamankan dan menjaga keamanan negara dan institusi kepresidenan. Supersemar menjadi landasan Letnan Jenderal Soeharto untuk membubarkan Partai Komunis Indonesia (PKI) dan mengganti anggota-anggotanya yang duduk di parlemen. Setelah pertanggungjawabannya ditolak Majelis Permusyawaratan Rakyat Sementara (MPRS) pada sidang umum ke empat tahun 1967, Soekarno diberhentikan dari jabatannya sebagai presiden pada Sidang Istimewa MPRS pada tahun yang sama dan Soeharto menggantikannya sebagai pejabat Presiden Republik Indonesia.",https://id.wikipedia.org/wiki/Soekarno,1901-06-06,1970-06-21,Presiden_Sukarno.jpg
Operasi 17 Agustus,"",Abdul Haris Nasution,"Jenderal Besar TNI (Purn.) Dr. (H.C.) Abdul Haris Nasution (3 Desember 1918 – 6 September 2000) adalah seorang jenderal berpangkat tinggi dan politikus Indonesia. Ia bertugas di militer selama Revolusi Nasional Indonesia dan ia tetap di militer selama gejolak berikutnya dari demokrasi Parlementer dan Demokrasi Terpimpin. Setelah jatuhnya Presiden Soekarno dari kekuasaan, ia menjadi Ketua Majelis Permusyawaratan Rakyat Sementara (MPRS) di bawah presiden Soeharto. Lahir dari keluarga Batak Mandailing, di desa Hutapungkut, ia belajar mengajar dan mendaftar di akademi militer di Bandung.",https://id.wikipedia.org/wiki/Abdul_Haris_Nasution,1918-12-03,2000-09-06,Abdul Haris Nasution.jpg
Operasi 17 Agustus,"",Ahmad Yani,"Jenderal TNI (Anumerta) Ahmad Yani (juga dieja A. Yani, Achmad Yani); (19 Juni 1922 – 1 Oktober 1965) adalah Menteri/Panglima Angkatan Darat (setingkat KSAD) yang merupakan salah satu Pahlawan Revolusi yang gugur sebagai korban tragedi Gerakan 30 September karena dibunuh dalam Gerakan 30 September saat penculikan dari rumahnya.",https://id.wikipedia.org/wiki/Ahmad_Yani,1922-06-19,1965-10-01,Ahmad_Yani.jpg
Konflik Papua,"",Joko Widodo,"Ir. H. Joko Widodo (Indonesia: [dʒɔkɔ widɔdɔ]; lahir 21 Juni 1961), lebih dikenal sebagai Jokowi, adalah presiden Indonesia ke-7 yang mulai menjabat sejak terpilih dalam pemilihan umum tahun 2014. Jokowi menjadi presiden Indonesia pertama yang bukan berasal dari elit politik atau militer Indonesia. Ia terpilih bersama Wakil Presiden Jusuf Kalla dan kembali terpilih bersama Wakil Presiden Ma'ruf Amin pada tahun 2019. Sebelumnya ia menjabat sebagai Wali Kota Surakarta dan Gubernur DKI Jakarta.",https://id.wikipedia.org/wiki/Joko_Widodo,1961-06-21,"",Joko_Widodo_2019_official_portrait.jpg
Konflik Papua,"",Ma'ruf Amin,"Prof. Dr.  (H.C.) K.H. Ma'ruf Amin (lahir 11 Maret 1943) adalah seorang ulama, dosen, dan politikus Indonesia yang saat ini menjabat sebagai Wakil Presiden Republik Indonesia, terhitung sejak tanggal 20 Oktober 2019. Ma'ruf menyertai politik sejak terpilihnya sebagai anggota DPRD DKI Jakarta pada 1971 hingga menjadi anggota Dewan Perwakilan Rakyat selama dua periode sejak 1997 sampai 2004. Setelahnya, ia aktif di Majelis Ulama Indonesia dan pada akhirnya ditunjuk oleh Joko Widodo untuk mendampinginya pada Pemilu Presiden 2019 dengan didukung oleh Koalisi Indonesia Kerja. Selain itu ia juga merupakan tokoh senior organisasi Nahdlatul Ulama sebagai Rais 'Aam sejak 2015, dan menjadi Mustasyar Pengurus Besar Nahdlatul Ulama sejak ia mencalonkan diri sebagai Wakil Presiden 2019.",https://id.wikipedia.org/wiki/Ma%27ruf_Amin,1943-03-11,"",Ma'ruf_Amin_2019_official_portrait.jpg
Konflik Papua,"",Prabowo Subianto,Jenderal TNI (HOR) (Purn.) Datuk Seri H.,https://id.wikipedia.org/wiki/Prabowo_Subianto,1951-10-17,"","Prabowo Subianto, Candidate for Indonesia's President in 2024.jpg"
Konflik Papua,"",Agus Subiyanto,"Jenderal TNI H. Agus Subiyanto, S.E., M.Si., (lahir 5 Agustus 1967) adalah seorang perwira tinggi Tentara Nasional Indonesia Angkatan Darat yang menjabat sebagai Panglima Tentara Nasional Indonesia sejak tanggal 22 November 2023, menggantikan Laksamana TNI Yudo Margono. Agus merupakan lulusan Akademi Militer (1991) yang berasal dari kecabangan Infanteri (Kopassus). Sebelumnya, beliau menjabat sebagai Kepala Staf TNI Angkatan Darat. Selain itu juga beliau merupakan putra daerah Jawa Barat yang berasal dari Cijulang, Pangandaran.",https://id.wikipedia.org/wiki/Agus_Subiyanto,1967-08-05,"",Panglima_TNI_Jenderal_TNI_Agus_Subiyanto.jpg
Konflik Papua,"",Listyo Sigit Prabowo,"Jenderal Polisi Drs. Listyo Sigit Prabowo, M.Si. (lahir 5 Mei 1969) adalah seorang perwira tinggi Polri yang menjabat sebagai Kepala Kepolisian Negara Republik Indonesia (Kapolri) sejak tanggal 27 Januari 2021, menggantikan Jenderal Idham Azis. Ia adalah Kapolri beragama Kristen kedua dalam sejarah setelah Widodo Budidarmo (1974–1978), dan Kapolri termuda kedua dalam sejarah saat dilantik (51 tahun, 267 hari), hanya kalah dari Tito Karnavian, yang berusia 51 tahun, 261 hari saat dilantik pada 2016. Sigit juga merupakan Alumni SMA Negeri 8 Yogyakarta (1988).",https://id.wikipedia.org/wiki/Listyo_Sigit_Prabowo,1969-05-05,"","KAPOLRI,Jenderal_POL_Listyo_Sigit_Prabowo.jpg"
Konflik Papua,"",Budi Gunawan,"Jenderal Polisi (Purn.) Tan Sri Prof. Dr. Budi Gunawan, S.H., M.Si., Ph.D.,  P.S.M. (lahir 11 Desember 1959) adalah Kepala Badan Intelijen Negara sejak 9 September 2016, dan juga Ketua Umum Pengurus Besar E-Sports Indonesia (PB ESI). Sebelumnya, ia pernah bertugas sebagai Wakapolri mendampingi Kapolri Badrodin Haiti dan Tito Karnavian. Ia adalah unsur Polisi kedua setelah Sutanto yang memimpin Badan Intelijen Negara.",https://id.wikipedia.org/wiki/Budi_Gunawan,1959-12-11,"",Budi_Gunawan.jpg
Konflik Papua,"",Soeharto,"Jenderal Besar TNI (Purn.) H. M. Soeharto, (pelafalan dalam bahasa Indonesia: [/suːˈhɑːrtɔ/]; ER, EYD: Suharto; 8 Juni 1921 – 27 Januari 2008) adalah Presiden kedua Indonesia yang menjabat dari tahun 1967 hingga 1998. Secara luas dianggap sebagai diktator militer oleh pengamat internasional, Soeharto memimpin Indonesia sebagai rezim otoriter sejak kejatuhan pendahulunya Soekarno pada tahun 1967 hingga pengunduran dirinya pada tahun 1998 menyusul kerusuhan nasional. Kediktatorannya selama 32 tahun dianggap sebagai salah satu kediktatoran paling brutal dan korup di abad ke-20.Sebelum menjadi presiden, Soeharto adalah pemimpin militer pada masa Hindia Belanda dan Kekaisaran Jepang, dengan pangkat terakhir Mayor Jenderal. Setelah Gerakan 30 September 1965, Soeharto kemudian melakukan operasi penertiban dan pengamanan atas perintah dari Presiden Soekarno, salah satu yang dilakukannya adalah dengan menumpas Gerakan 30 September dan menyatakan bahwa PKI sebagai organisasi terlarang. Berbagai kontroversi menyebut operasi ini menewaskan sekitar 100.000 hingga 2 juta jiwa.Soeharto kemudian diberi mandat oleh Majelis Permusyawaratan Rakyat Sementara (MPRS) sebagai Presiden pada 26 Maret 1968 menggantikan Soekarno, dan resmi menjadi presiden pada tahun 1968. Ia dipilih kembali oleh MPR pada tahun 1973, 1978, 1983, 1988, 1993, dan 1998. Pada tahun 1998, masa jabatannya berakhir setelah mengundurkan diri pada tanggal 21 Mei tahun tersebut, menyusul terjadinya kerusuhan Mei 1998 dan pendudukan gedung DPR/MPR oleh ribuan mahasiswa. Ia merupakan orang terlama yang menjabat sebagai presiden Indonesia. Soeharto digantikan oleh B.J. Habibie.",https://id.wikipedia.org/wiki/Soeharto,1921-06-08,2008-01-27,"President_Suharto,_1993.jpg"
Konflik Papua,"",Leonardus Benyamin Moerdani,"Jenderal TNI (Purn.) Leonardus Benyamin Moerdani, atau L.B. Moerdani, atau kerap disebut Benny Moerdani (2 Oktober 1932 – 29 Agustus 2004) adalah salah satu tokoh militer Indonesia paling berpengaruh pada era Orde Baru. Benny Moerdani dikenal sebagai perwira TNI yang banyak berkecimpung di dunia intelijen, sehingga sosoknya banyak dianggap misterius. Selain itu, Ia juga memiliki julukan yang merupakan antitesis dari Soeharto yaitu ""Unsmiling General"".Moerdani merupakan perwira yang ikut terjun langsung di operasi militer penanganan pembajakan pesawat Garuda Indonesia Penerbangan 206 di Bandara Don Mueang, Bangkok, Kerajaan Thai pada tanggal 28 Maret 1981, peristiwa yang kemudian dicatat sebagai peristiwa pembajakan pesawat pertama dalam sejarah maskapai penerbangan Republik Indonesia dan terorisme bermotif jihad pertama di Indonesia. Ia juga dianggap banyak kalangan sebagai sosok yang bertanggung jawab terhadap peristiwa Tanjung Priok dan penembakan misterius pada tahun 1980-an .",https://id.wikipedia.org/wiki/Leonardus_Benyamin_Moerdani,1932-10-02,2004-08-29,Leonardus Benjamin Moerdani as Commander of the Indonesian National Armed Forces.jpg
Konflik Papua,"",Wiranto,"Jenderal TNI (Purn.) Dr. H. Wiranto S.H. S.I.P. M.M. (lahir 4 April 1947) adalah seorang mantan perwira tinggi militer dan politikus senior berkebangsaan Indonesia. Saat ini, ia diberi mandat oleh Presiden Joko Widodo untuk menjabat sebagai Ketua Dewan Pertimbangan Presiden pada akhir 2019. Kiprahnya di politik di awali ketika dirinya ditunjuk menjadi Menteri Pertahanan dan Keamanan menjelang berakhirnya masa Orde Baru. Saat itu, Wiranto tergabung dalam Golongan Karya hingga akhirnya ia membentuk partai baru bernama Partai Hati Nurani Rakyat pada tahun 2006.Wiranto merupakan lulusan Akademi Militer Nasional 1968 berhasil meniti karir militer sampai puncak jabatan di ABRI (sekarang TNI) sebagai Panglima merangkap Menhankam.Jabatan rangkap sebagai Menhankam/Pangab, kecuali Wiranto juga pernah dijabat oleh Jenderal TNI (Purn.) M. Jusuf. Pada pergantian Orde Baru ke Orde Reformasi tahun 1998/1999, Wiranto sebagai Menhankam/Pangab memiliki peran yang sangat menentukan dalam mengawal proses pergantian tersebut.",https://id.wikipedia.org/wiki/Wiranto,1947-04-04,"",Wiranto2.jpg
Konflik Papua,"",Try Sutrisno,"Jenderal TNI (Purn.) H. Try Sutrisno (lahir 15 November 1935) adalah Wakil Presiden Indonesia ke-6 periode 1993–1998. Sebelum diangkat sebagai Wakil Presiden Indonesia, Try menjabat sebagai Panglima Angkatan Bersenjata Republik Indonesia (ABRI).",https://id.wikipedia.org/wiki/Try_Sutrisno,1935-11-15,,Try_Sutrisno_Official_Portrait.jpg
Konflik Papua,"",B. J. Habibie,"Prof. Dr.-Ing. Ir. H. Bacharuddin Jusuf Habibie, FREng. (25 Juni 1936 – 11 September 2019) adalah Presiden Republik Indonesia yang ketiga. Sebelumnya, B.J. Habibie menjabat sebagai Wakil Presiden Republik Indonesia ke-7, menggantikan Try Sutrisno. B. J. Habibie menggantikan Soeharto yang mengundurkan diri dari jabatan presiden pada tanggal 21 Mei 1998. Sebelum memasuki dunia politik, Habibie dikenal luas sebagai seorang profesor dan ilmuwan dalam teknologi aviasi internasional dan satu-satunya presiden Indonesia hingga saat ini yang berlatarbelakang teknokrat.",https://id.wikipedia.org/wiki/B._J._Habibie,1936-06-25,2019-09-11,"B._J._Habibie,_President_of_Indonesia_portrait.jpg"
Konflik Papua,"",Abdurrahman Wahid,"Dr. (H.C.) K.H. Abdurrahman Wahid, Lc. ( ; dilahirkan dengan nama Abdurrahman ad-Dakhil; 7 September 1940 – 30 Desember 2009), atau lebih dikenal dengan nama Gus Dur (), adalah seorang politikus Indonesia dan pemimpin agama Islam yang menjabat sebagai presiden Indonesia ke-4, dari pemilu tahun 1999 hingga pemakzulannya pada tahun 2001. Selain sebagai pemimpin organisasi Nahdlatul Ulama, ia juga merupakan pendiri Partai Kebangkitan Bangsa (PKB). Ia adalah putra Menteri Agama Wahid Hasyim, dan cucu dari pendiri Nahdlatul Ulama, Hasyim Asy'ari. Ia menderita gangguan penglihatan yang disebabkan oleh glaukoma; Ia mengalami kebutaan total pada mata kirinya dan mata kanannya buta sebagian. Ia merupakan presiden Indonesia pertama dan satu-satunya (sejauh ini) yang memiliki disabilitas fisik.",https://id.wikipedia.org/wiki/Abdurrahman_Wahid,1940-09-07,2009-12-30,President_Abdurrahman_Wahid_-_Indonesia.jpg
Konflik Papua,"",Megawati Soekarnoputri,"Prof. Dr. (H.C.) Hj. Diah Permata Megawati Setiawati Soekarnoputri (lahir 23 Januari 1947) adalah Presiden Indonesia yang kelima yang menjabat sejak 23 Juli 2001 sampai 20 Oktober 2004. Ia merupakan presiden wanita Indonesia pertama dan putri dari presiden Indonesia pertama, Soekarno, yang kemudian mengikuti jejak ayahnya menjadi Presiden Indonesia. Pada 20 September 2004, ia kalah suara dari Susilo Bambang Yudhoyono dalam Pemilu Presiden 2004 putaran yang kedua.",https://id.wikipedia.org/wiki/Megawati_Soekarnoputri,1947-01-23,,President_Megawati_Sukarnoputri_-_Indonesia.jpg
Konflik Papua,"",Susilo Bambang Yudhoyono,"Jenderal TNI (HOR) (Purn.) Prof. Dr. H. Susilo Bambang Yudhoyono, M.A. (lahir 9 September 1949), atau lebih dikenal dengan inisialnya SBY, adalah Presiden Indonesia keenam yang menjabat sejak 20 Oktober 2004 sampai 20 Oktober 2014. Ia merupakan Presiden pertama di era Reformasi yang terpilih melalui Pemilihan Umum secara langsung. SBY bersama Wakil Presiden Muhammad Jusuf Kalla, terpilih dalam Pemilu Presiden 2004. Ia berhasil melanjutkan pemerintahannya untuk periode kedua dengan kembali memenangkan Pemilu Presiden 2009, kali ini bersama Wakil Presiden Boediono. Sejak era Reformasi dimulai, Susilo Bambang Yudhoyono merupakan Presiden Indonesia pertama yang menyelesaikan masa jabatan selama 5 tahun dan berhasil terpilih kembali untuk periode kedua.",https://id.wikipedia.org/wiki/Susilo_Bambang_Yudhoyono,1949-09-09,,Presiden_Susilo_Bambang_Yudhoyono.png
Konflik Papua,"",Andika Perkasa,"Jenderal TNI (Purn.) Muhammad Andika Perkasa, S.E., M.A., M.Sc., M.Phil., Ph.D. (nama lahir: Fransiskus Xaverius Emanuel Andika Perkasa, lahir 21 Desember 1964) adalah seorang purnawirawan TNI yang menjabat Panglima Tentara Nasional Indonesia pada tahun 2021 sampai 2022. Andika merupakan lulusan Akademi Militer tahun 1987. Sebelumnya, dia menjabat sebagai Kepala Staf TNI Angkatan Darat. Pada saat dilantik, ia adalah Panglima TNI tertua sepanjang sejarah, tetapi rekor itu dipecahkan oleh Laksamana Yudo Margono yang dilantik menggantikannya pada tanggal 19 Desember 2022. Selain itu juga berasal dari keluarga campuran Magelang, Jawa Tengah dan Blitar, Jawa Timur.",https://id.wikipedia.org/wiki/Andika_Perkasa,1964-12-21,,"Jenderal_TNI_Andika_Perkasa,_Panglima_TNI.jpg"
Kampanye Kalimantan (1945),"",Douglas MacArthur,"Douglas MacArthur (26 Januari 1880 – 5 April 1964) adalah seorang jenderal bintang lima asal Amerika Serikat dan marsekal lapangan Angkatan Darat Filipina. Ia menjabat sebagai Kepala Staf Angkatan Darat Amerika Serikat pada dasawarsa 1930-an dan memiliki sumbangsih yang besar dalam upaya untuk melawan Kekaisaran Jepang di teater Pasifik selama Perang Dunia II. Ia dianugerahi Medal of Honor berkat jasa-jasanya selama kampanye militer Filipina sehingga dirinya dan ayahnya, Arthur MacArthur, Jr., menjadi pasangan ayah dan anak pertama yang sama-sama mendapatkan medali tersebut. Ia juga merupakan salah satu dari hanya lima orang yang diberikan pangkat Jenderal Besar di Angkatan Darat Amerika Serikat dan satu-satunya orang yang pernah diangkat sebagai marsekal lapangan di Angkatan Darat Filipina.",https://id.wikipedia.org/wiki/Douglas_MacArthur,1880-01-26,1964-04-05,MacArthur_Manila.jpg
Kampanye Kalimantan (1945),"",Leslie Morshead,"Letnan Jenderal Sir Leslie James Morshead,  (18 September 1889 – 26 September 1959) adalah seorang prajurit, guru, pengusaha, dan petani asal Australia, yang berkarier militer sepanjang dua perang dunia. Pada Perang Dunia Kedua, ia memimpin pasukan Australia dan Inggris di Pengepungan Tobruk (1941) dan di Pertempuran El Alamein Kedua",https://id.wikipedia.org/wiki/Leslie_Morshead,1889-09-18,1959-09-26,Morshead_(AWM_009517).jpg
Kampanye Kalimantan (1945),Thomas Kinkaid,,,,,,
Kampanye Hindia Belanda,"","Archibald Wavell, 1st Earl Wavell","Marsekal Lapangan Archibald Percival Wavell, 1st Earl Wavell,  (5 Mei 1883 – 24 Mei 1950) adalah seorang perwira senior Angkatan Darat Inggris. Ia bertugas dalam Perang Boer Kedua, Kampanye Bazar Valley dan Perang Besar, di mana ia terluka dalam Pertempuran Ypres Kedua. Ia bertugas dalam Perang Dunia Kedua, awalnya sebagai Ketua Komandan Timur Tengah, di mana ia memimpin pasukan Inggris menuju kemenangan atas Italia di barat Mesir dan timur Libya saat Operasi Compass pada Desember 1940, dan hanya dikalahkan oleh Angkatan Darat erman di Gurun Barat pada April 1941. Ia bertugas sebagai Ketua Komandan India, dari Juli 1941 sampai Juni 1943 (selain melakukan tur sebagai Komandan ABDACOM) dan kemudian menjabat sebagai Viceroy India sampai ia pensiun pada Februari 1947.","https://id.wikipedia.org/wiki/Archibald_Wavell,_1st_Earl_Wavell",1883-05-05,1950-05-24,Archibald Wavell2.jpg
Kampanye Hindia Belanda,"",Alidius Tjarda van Starkenborgh Stachouwer,"Jonkheer Mr. Alidius Warmoldus Lambertus Tjarda van Starkenborgh-Stachouwer (7 Maret 1888 – 16 Agustus 1978) adalah seorang bangsawan dan negarawan Belanda, ia dikenal sebagai gubernur jenderal terakhir Hindia Belanda. Ia masuk dalam tahanan Jepang setelah menyerahnya angkatan perang seluruh Hindia Belanda tanpa syarat dalam Kapitulasi Kalijati pada 8 atau 9 Maret 1942. Pada awalnya, ia ditahan di Bandung dan Batavia, kemudian dipindahkan ke Manchuria. Pada saat penandatanganan kapitulasi yang dilakukan oleh Jenderal Hein ter Poorten, Tjarda telah meninggalkan ruangan perundingan. Sebelumnya, pada tanggal 5 Maret 1942, Tjarda telah memisahkan kekuasaan sipil dan militer serta mengalihkan kekuasaan militer kepada Ter Poorten. Ia kemudian tidak menyerahkan kekuasaan sipil atas Hindia Belanda pada Kapitulasi Kalijati. Tindakan tersebut dijadikan dasar bagi Belanda untuk mengalihkan kekuasaan sipil kepada Letnan Gubernur Jenderal Hubertus van Mook yang telah mengasingkan diri ke Australia. Legitimasi inilah yang digunakan untuk membentuk Pemerintahan Sipil Hindia Belanda (NICA) di pengasingan Australia.",https://id.wikipedia.org/wiki/Alidius_Tjarda_van_Starkenborgh_Stachouwer,1888-03-07,1978-08-16,COLLECTIE TROPENMUSEUM Portret van Gouverneur-Generaal Tjarda van Starkenborgh Stachouwer TMnr 10018816.jpg
Kampanye Hindia Belanda,"",Hein ter Poorten,Hein ter Poorten (21 November 1887 – 15 Januari 1968) ialah komandan KNIL semasa Perang Pasifik.,https://id.wikipedia.org/wiki/Hein_ter_Poorten,1887-11-21,1968-01-15,Hein_ter_Poorten.jpg
Kampanye Hindia Belanda,"",Thomas C. Hart,"Thomas Charles Hart (12 Juni 1877 – 4 Juli 1971) adalah seorang laksamana dalam Angkatan Laut Amerika Serikat yang bertugas dari Perang Spanyol-Amerika sampai Perang Dunia II. Setelah ia pensiun dari AL, ia secara singkat menjabat sebagai Senator Amerika Serikat dari Connecticut.",https://id.wikipedia.org/wiki/Thomas_C._Hart,1988-06-12,1971-07-04,Thomas_C._Hart.jpg
Kampanye Hindia Belanda,"",Conrad Helfrich,Luitenant-Admiraal Conrad Emil Lambert Helfrich (KCB) (11 Oktober 1886 – 20 September 1962) dari Koninklijke Marine adalah tokoh AL utama Belanda dalam Perang Dunia II.,https://id.wikipedia.org/wiki/Conrad_Helfrich,1886-10-11,1962-09-20,Conrad_Helfrich_colourized.jpg
Kampanye Hindia Belanda,"",Karel Doorman,Karel Willem Frederik Marie Doorman (23 April 1889 – 28 Februari 1942) ialah laksamana Belanda (bahasa Belanda: schout-bij-nacht) selama Perang Dunia II.,https://id.wikipedia.org/wiki/Karel_Doorman,1889-04-23,1942-02-28,Karel_Doorman_as_lieutenant-commander.jpg
Kampanye Hindia Belanda,Richard Peirse,,,,,,
Gerakan 30 September,,,,,,,
Delapan Jam Pertempuran di Mangkang,"",Moekijat,"Letnan Jenderal KKO (Purn.) Moekijat (EYD: Mukiyat; 15 Desember 1927 – 1 November 1985) adalah Panglima KKO-AL (sekarang Korps Marinir) dari 16 Oktober 1968 hingga 6 Desember 1971. Ia juga pernah menjadi Kepala KBRI di Kedutaan Besar Republik Indonesia di Pyongyang, Korea Utara (1971—1975) dan Kedutaan Besar Republik Indonesia di Helsinki, Finlandia (1975—1980).",https://id.wikipedia.org/wiki/Moekijat,1927-12-15,1985-11-01,Moekijat.jpg
Pemberontakan DI/TII di Aceh,"",Soekarno,"Dr. (H.C.) Ir. H. Soekarno[cat.] (Ejaan Republik: Sukarno, Jawa: ꦯꦸꦑꦂꦟ, pengucapan bahasa Jawa: [suːˈkarnɔ]; 6 Juni 1901 – 21 Juni 1970) adalah seorang politikus yang berperan penting dalam Revolusi Nasional Indonesia. Ia bersama Mohammad Hatta memproklamasikan Kemerdekaan Indonesia pada tanggal 17 Agustus 1945. Ia orang pertama yang mencetuskan konsep mengenai Pancasila sebagai dasar negara Indonesia dan ia sendiri yang menamainya.Selain sebagai proklamator, Soekarno juga menjabat sebagai Presiden Republik Indonesia pertama sejak 1945 hingga 1967, dengan masa pemerintahannya dikenal juga sebagai Orde Lama.:11, 81:26-32 Pada pertengahan tahun 1960-an, di masa-masa akhir jabatan Soekarno, Indonesia mengalami stagnasi produksi, kemiskinan dan kelaparan yang merajalela, infrastruktur yang tidak terurus, dan hiperinflasi mencapai hampir 600 persen.Pada 11 Maret 1966, Soekarno menandatangani Surat Perintah yang dikenal sebagai Supersemar yang menugaskan Letnan Jenderal Soeharto untuk mengamankan dan menjaga keamanan negara dan institusi kepresidenan. Supersemar menjadi landasan Letnan Jenderal Soeharto untuk membubarkan Partai Komunis Indonesia (PKI) dan mengganti anggota-anggotanya yang duduk di parlemen. Setelah pertanggungjawabannya ditolak Majelis Permusyawaratan Rakyat Sementara (MPRS) pada sidang umum ke empat tahun 1967, Soekarno diberhentikan dari jabatannya sebagai presiden pada Sidang Istimewa MPRS pada tahun yang sama dan Soeharto menggantikannya sebagai pejabat Presiden Republik Indonesia.",https://id.wikipedia.org/wiki/Soekarno,1901-06-06,1970-06-21,Presiden_Sukarno.jpg
Pemberontakan DI/TII di Aceh,"",Soekarno,"Dr. (H.C.) Ir. H. Soekarno[cat.] (Ejaan Republik: Sukarno, Jawa: ꦯꦸꦑꦂꦟ, pengucapan bahasa Jawa: [suːˈkarnɔ]; 6 Juni 1901 – 21 Juni 1970) adalah seorang politikus yang berperan penting dalam Revolusi Nasional Indonesia. Ia bersama Mohammad Hatta memproklamasikan Kemerdekaan Indonesia pada tanggal 17 Agustus 1945. Ia orang pertama yang mencetuskan konsep mengenai Pancasila sebagai dasar negara Indonesia dan ia sendiri yang menamainya.Selain sebagai proklamator, Soekarno juga menjabat sebagai Presiden Republik Indonesia pertama sejak 1945 hingga 1967, dengan masa pemerintahannya dikenal juga sebagai Orde Lama.:11, 81:26-32 Pada pertengahan tahun 1960-an, di masa-masa akhir jabatan Soekarno, Indonesia mengalami stagnasi produksi, kemiskinan dan kelaparan yang merajalela, infrastruktur yang tidak terurus, dan hiperinflasi mencapai hampir 600 persen.Pada 11 Maret 1966, Soekarno menandatangani Surat Perintah yang dikenal sebagai Supersemar yang menugaskan Letnan Jenderal Soeharto untuk mengamankan dan menjaga keamanan negara dan institusi kepresidenan. Supersemar menjadi landasan Letnan Jenderal Soeharto untuk membubarkan Partai Komunis Indonesia (PKI) dan mengganti anggota-anggotanya yang duduk di parlemen. Setelah pertanggungjawabannya ditolak Majelis Permusyawaratan Rakyat Sementara (MPRS) pada sidang umum ke empat tahun 1967, Soekarno diberhentikan dari jabatannya sebagai presiden pada Sidang Istimewa MPRS pada tahun yang sama dan Soeharto menggantikannya sebagai pejabat Presiden Republik Indonesia.",https://id.wikipedia.org/wiki/Soekarno,1901-06-06,1970-06-21,Presiden_Sukarno.jpg
Pertempuran Lima Hari,Kido Shinichirō,,,,,,
Pertempuran Bojong Kokosan,AJF Doulton,,,,,,
Pertempuran Lengkong,,,,,,,
Bandung Lautan Api,MacDonald,,,,,,
Perang Cumbok,Teuku Keumangan Umar,,,,,,
Delapan Jam Pertempuran di Mangkang,Infanteri Belanda,,,,,,
Puputan Margarana,F. Mollinger,,,,,,
Perang Dayak Desa,"",Pang Suma,"Pang Suma adalah seorang tokoh pejuang kemerdekaan Indonesia yang bergerilya di Kalimantan Barat. Pang Suma dikenal sebagai pejuang melawan penjajah Jepang. Hingga kini, tokoh pahlawan yang bernama Pangsuma, belum ada satu pun yang mengetahui di mana dan kapan ia lahir. Namun menurut penuturan cucu pengawal Pangsuma, Sera, atau lebih dikenal dengan Pang Ronda, menuturkan bahwa Pangsuma berasal dari dusun di Kecamatan Meliau bernama Nek Bindang. Pangsuma merupakan nama panggilan, dalam Bahasa Meliau merupakan penggabungan dua suku kata yakni Pang berarti bapak dan Suma adalah nama anaknya.",https://id.wikipedia.org/wiki/Pang_Suma,,,
Gerakan 30 September,,,,,,,
Kampanye Kalimantan (1945),Michiaki Kamada,,,,,,
Pertempuran Medan Area,T.E.D. Kelly,,,,,,
Serangan Umum Surakarta,Van Vreeden,,,,,,
Serangan Umum 1 Maret 1949,"",Dirk Reinhard Adelbert van Langen,"Mayor-jenderal Dirk Reinhard Adelbert van Langen (17 Mei 1898 – 20 Januari 1983) adalah seorang anggota Kepala Staf Tentara Kerajaan Hindia Belanda Komandan Teritorial Jawa Timur. Ia juga merupakan panglima brigade T pada Perang Kemerdekaan Indonesia di Hindia Belanda, dari 1946 sampai 1949, pada Revolusi Nasional Indonesia.",https://id.wikipedia.org/wiki/Dirk_Reinhard_Adelbert_van_Langen,1898-05-17,1983-01-20,D.R.A._van_Langen.png
Penyerbuan Kotabaru Yogyakarta,Otzuka,,,,,,
Pertempuran Surabaya,"",Aubertin Mallaby,Aubertin Walter Sothern Mallaby atau juga dikenal dengan Brigadir Mallaby (12 Desember 1899 – 30 Oktober 1945) adalah brigadir Britania yang tewas dalam peristiwa baku tembak 30 Oktober di Surabaya dan memicu keluarnya ultimatum Inggris dan meledaknya Pertempuran 10 November.,https://id.wikipedia.org/wiki/Aubertin_Mallaby,1899-12-12,1945-10-30,"Indonesian_delegate_speaking_to_Mallaby,_Impressions_of_the_Fight_..._in_Indonesia,_p16.jpg"
Peristiwa 19 November,,,,,,,
Peristiwa Tiga Maret,"",Saalah Yusuf Sutan Mangkuto,"Saalah Yusuf Sutan Mangkuto, sering ditulis S.Y. Sutan Mangkuto, (1901–1974) adalah organisiator dan aktivis Muhammadiyah. Ia merupakan pendiri cabang Muhammadiyah di Padang Panjang pada  1926 dan pernah menjadi Ketua Pimpinan Muhammadiyah Sumatra Tengah periode 1949–1956.",https://id.wikipedia.org/wiki/Saalah_Yusuf_Sutan_Mangkuto,1901-01-01,1974-02-28,SY_Sutan_Mangkuto.jpg
Pertempuran Kumai,,,,,,,
Revolusi Nasional Indonesia,"",Wilhelmina dari Belanda,"Ratu Wilhelmina  (Wilhelmina Helena Pauline Marie van Orange-Nassau; (31 Agustus 1880 – 28 November 1962), Putri Orange-Nassau, adalah Ratu Belanda sejak 1890 - 1948 dan Ibu Suri (dengan sebutan Putri) sejak 1948 - 1962.",https://id.wikipedia.org/wiki/Wilhelmina_dari_Belanda,1880-08-31,1962-11-28,"Jacob_Merkelbach,_Afb_010164033306.jpg"
Kampanye Hindia Belanda,"",Hisaichi Terauchi,"Hisaichi Terauchi (寺内 寿, Terauchi Hisaichi) (8 Agustus 1879 – 12 Juni 1946) adalah seorang Marsekal Medan (Field Marshal) Angkatan Darat Kekaisaran Jepang dan Panglima Grup Angkatan Darat Expedisi Selatan pada masa Perang Dunia Kedua.",https://id.wikipedia.org/wiki/Hisaichi_Terauchi,1879-08-08,1946-06-12,Hisaichi_Terauchi_2.jpg
Operasi 17 Agustus,"",Syafruddin Prawiranegara,"Mr. Sjafruddin Prawiranegara (EYD: Syafruddin Prawiranegara) 28 Februari 1911 – 15 Februari 1989) adalah seorang negarawan dan ekonom Indonesia. Ia memimpin Indonesia sebagai Ketua Pemerintah Darurat Republik Indonesia (PDRI). Selama masa Demokrasi Liberal, ia menjabat sebagai Menteri Keuangan dan Gubernur Bank Indonesia pertama.",https://id.wikipedia.org/wiki/Syafruddin_Prawiranegara,1911-02-28,1989-02-15,Sjafruddin_Prawiranegara.jpg
Konflik Papua,"",Jacob Prai,"Jacob Prai  (17 Juli 1942 – 26 Mei 2022) adalah ketua pimpinan Organisasi Papua Merdeka (OPM) yang sebelumnya ia telah menjabat sebagai Kepala Senat Pemerintahan Sementara Papua Barat. Dinyatakan di Great Waris, daerah perbatasan antara Papua Nugini dan Papua Barat, tanah air Prai ini Mr Prai diberi suaka di Swedia dengan Dr John Otto Ondawame dan pernah memimpin Gerakan Papua Kantor Internasional di Malmö, Swedia.",https://id.wikipedia.org/wiki/Jacob_Prai,1942-07-17,2022-05-26,https://www.ulmwp.org/wp-content/uploads/2022/06/287230120_3152293418408468_6921440470420884462_n-768x541.jpg
Perang Cumbok,"",Teuku Nyak Arif,"Teuku Nyak Arif adalah Pahlawan Nasional Indonesia. Ia juga merupakan Residen/gubernur Aceh yang pertama periode 1945–1946. Pada masa perjuangan kemerdekaan Indonesia, saat Volksraad (parlemen) dibentuk, Teuku Nyak Arif terpilih sebagai wakil pertama dari Aceh.",https://id.wikipedia.org/wiki/Teuku_Nyak_Arif,1899-07-17,1946-05-04,Tnarief.jpg
Perang Cumbok,Teuku Daud Cumbok,,,,,,
Puputan Margarana,J.B.T König,,,,,,
Perang Dayak Desa,Pang Rati,,,,,,
Perang Dayak Desa,Pang Iyo,,,,,,
Perang Dayak Desa,Djampi,,,,,,
Kampanye Kalimantan (1945),Baba Masao,,,,,,
Serangan Umum Surakarta,Mollinger,,,,,,
Serangan Umum 1 Maret 1949,J.M. v/d Berge,,,,,,
Pertempuran Surabaya,"",Robert Mansergh,Jend. Sir Eric Carden Robert Mansergh GCB KBE MC (12 Mei 1900 – 8 November 1970) adalah jenderal British Army selama dan setelah Perang Dunia II.,https://id.wikipedia.org/wiki/Robert_Mansergh,1900-05-12,1970-11-08,Robertmansergh.jpg
Peristiwa Tiga Maret,"",Adam B.B.,"Syekh Haji Adam B.B. atau Syekh Adam Balai-Balai (31 Agustus 1889 – 15 Juli 1953) adalah salah seorang Ulama Minangkabau terkemuka yang tercatat sampai pertengahan abad ke-20. Adam B.B. yang sebelumnya adalah seorang pendekar dan parewa gadang (jagoan besar) juga dikenal sebagai ulama dan guru yang menginginkan lulusan surau yang ideal, yaitu kombinasi ulama, pandeka (pendekar) dan jiwa seni yang mandiri dan terampil, seperti sosok pribadinya. Ia merupakan pendiri Surau Pasar Baru (SPB) di Padang Panjang yang kemudian hari menjadi Madrasah Irsyadin Naas (MIN).",https://id.wikipedia.org/wiki/Adam_B.B.,1889-08-31,1953-07-15,Syekh_Adam_BB.jpg
Revolusi Nasional Indonesia,"",Juliana dari Belanda,"Juliana Louise Marie Wilhelmina van Oranje-Nassau (30 April 1909 – 20 Maret 2004) adalah Ratu Kerajaan Belanda dari 6 September 1948, sampai tanggal 30 April 1980, ulang tahunnya ke-71, ketika putrinya, Beatrix naik takhta. Juliana menikah dengan Bernhard dari Lippe Biesterfeld, seorang bangsawan Jerman, pada tanggal 7 Januari 1937 dan mendapatkan empat anak Beatrix (1938), Irene (1939), Putri Margriet (1943), dan Marijke (1947) yang namanya kemudian diganti menjadi Christina.",https://id.wikipedia.org/wiki/Juliana_dari_Belanda,1909-04-30,2004-03-20,Prinses_Juliana_1981.jpg
Revolusi Nasional Indonesia,"",Hubertus Johannes van Mook,Hubertus Johannes (Huib) van Mook (30 Mei 1894 – 10 Mei 1965) adalah Gubernur Jenderal Hindia Belanda secara de facto (pangkat sesungguhnya adalah Wakil Gubernur Jenderal) yang terakhir yang menjabat setelah Jepang menguasai Hindia Belanda.,https://id.wikipedia.org/wiki/Hubertus_Johannes_van_Mook,1894-05-20,1965-05-10,"Hubertus_J._van_Mook,_minister_van_koloniën,_NG-1992-3-3-9.jpg"
Revolusi Nasional Indonesia,"",Simon Spoor,"Jenderal Simon Hendrik Spoor (12 Januari 1902 - 25 Mei 1949) adalah seorang jenderal Belanda yang terkenal perannya ketika Belanda berusaha merebut kembali Indonesia, dan ia memimpin langsung 2 aksi polisionil Belanda tersebut yaitu Agresi Militer Belanda I dan II.",https://id.wikipedia.org/wiki/Simon_Spoor,1902-01-12,1949-05-25,Simon_Spoor_(1948).jpg
Revolusi Nasional Indonesia,"",Dirk Reinhard Adelbert van Langen,"Mayor-jenderal Dirk Reinhard Adelbert van Langen (17 Mei 1898 – 20 Januari 1983) adalah seorang anggota Kepala Staf Tentara Kerajaan Hindia Belanda Komandan Teritorial Jawa Timur. Ia juga merupakan panglima brigade T pada Perang Kemerdekaan Indonesia di Hindia Belanda, dari 1946 sampai 1949, pada Revolusi Nasional Indonesia.",https://id.wikipedia.org/wiki/Dirk_Reinhard_Adelbert_van_Langen,1898-05-17,1983-01-20,D.R.A._van_Langen.png
Revolusi Nasional Indonesia,"",Dirk Cornelis Buurman van Vreeden,"Dirk Cornelis Buurman van Vreeden (16 Juni 1902 – 12 Juni 1964) adalah komandan KNIL yang terakhir. Ia menjabat antara bulan Mei 1949 hingga Juli 1950. Buurman van Vreeden menempuh pendidikan sekolah dasar di Den Haag dan Kampen. Pada tahun 1921, ia meneruskan ke Koninklijke Militaire Academie di Breda dan kemudian letnan di artileri Koninklijk Nederlandsch-Indisch Leger. Ia belajar di Hogere Krijgsschool antara tahun 1931-1934 dan menduduki berbagai kedudukan militer KNIL di Hindia Belanda (kini Indonesia).",https://id.wikipedia.org/wiki/Dirk_Cornelis_Buurman_van_Vreeden,1902-06-16,1964-06-12,Dirk_Cornelis_Buurman_van_Vreeden_(1946).jpg
Revolusi Nasional Indonesia,"",Conrad Helfrich,Luitenant-Admiraal Conrad Emil Lambert Helfrich (KCB) (11 Oktober 1886 – 20 September 1962) dari Koninklijke Marine adalah tokoh AL utama Belanda dalam Perang Dunia II.,https://id.wikipedia.org/wiki/Conrad_Helfrich,1886-10-11,1962-09-20,Conrad_Helfrich_colourized.jpg
Revolusi Nasional Indonesia,"",Ludolph Hendrik van Oyen,"Ludolph Hendrik van Oyen (juga Oijen; 25 April 1889 – 28 Juli 1953) adalah seorang letnan jenderal berkebangsaan Belanda dan komandan AU KNIL semasa pecahnya Perang Dunia II. Ludolph Hendrik van Oyen memulai karier militer di Sekolah Taruna Alkmaar sejak tahun 1906 kemudian pada tahun 1911 melanjutkan ke Koninklijke Militaire Academie, Breda. Pada tanggal 4 Agustus 1913, ia menikah dengan Elise Marie Francina Brouwer dan dikaruniai 2 orang anak. Antara tahun 1922-1925, ia menjadi kapiten di Hoogere Krijgsschool, Den Haag dan setelah itu dilantik sebagai mayor dan komandan AU KNIL. Dalam berbagai posisi, ia tetap dalam pangkat itu hingga naik pangkat sebagai mayor jenderal pada tahun 1940.",https://id.wikipedia.org/wiki/Ludolph_Hendrik_van_Oyen,1889-04-25,1953-07-28,Ludolph_Hendrik_van_Oyen_(1943).jpg
Revolusi Nasional Indonesia,"",Louis Mountbatten,"Admiral of the Fleet Louis Francis Albert Victor Nicholas Mountbatten (biasa disebut secara informal sebagai Lord Mountbatten) merupakan seorang politisi, negarawan, serta perwira angkatan laut Britania Raya. Lord Mountbatten juga adalah paman dari Pangeran Philip dan sepupu Ratu Elizabeth II. Selama Perang Dunia II, ia bertindak sebagai Panglima Komando Asia Tenggara (1943-1946). Ia merupakan Raja Muda India terakhir sekaligus Gubernur Jenderal India yang pertama. Pada tahun 1950, India berdiri sebagai republik yang merdeka. Berbagai posisi penting dijabat Lord Mountbatten sesudah penugasannya di India baik di Britania Raya maupun di tingkat internasional.",https://id.wikipedia.org/wiki/Louis_Mountbatten,1900-06-25,1979-08-15,Lord_Mountbatten_Naval_in_colour_Allan_Warren.jpg
Revolusi Nasional Indonesia,"",Robert Mansergh,Jend. Sir Eric Carden Robert Mansergh GCB KBE MC (12 Mei 1900 – 8 November 1970) adalah jenderal British Army selama dan setelah Perang Dunia II.,https://id.wikipedia.org/wiki/Robert_Mansergh,1900-05-12,1970-11-08,Robertmansergh.jpg
Revolusi Nasional Indonesia,"",Aubertin Mallaby,Aubertin Walter Sothern Mallaby atau juga dikenal dengan Brigadir Mallaby (12 Desember 1899 – 30 Oktober 1945) adalah brigadir Britania yang tewas dalam peristiwa baku tembak 30 Oktober di Surabaya dan memicu keluarnya ultimatum Inggris dan meledaknya Pertempuran 10 November.,https://id.wikipedia.org/wiki/Aubertin_Mallaby,1899-12-12,1945-10-30,"Indonesian_delegate_speaking_to_Mallaby,_Impressions_of_the_Fight_..._in_Indonesia,_p16.jpg"
Revolusi Nasional Indonesia,"",Philip Christison,"Jend. Sir (Alexander Frank) Philip Christison, 4th Baronet GBE CB DSO MC (17 November 1893 – 21 Desember 1993) adalah komandan militer Britania Raya selama Perang Dunia II.",https://id.wikipedia.org/wiki/Philip_Christison,1893-11-17,1993-12-21,https://asset.kompas.com/crops/26NcBHvtwCkAdI8GxsAkg3mMHxM=/0x56:549x422/750x500/data/photo/2021/08/17/611bbaf6c9217.jpeg
Revolusi Nasional Indonesia,"",Raymond Westerling,"Raymond Pierre Paul Westerling (31 Agustus 1919 – 26 November 1987) adalah komandan pasukan Belanda yang terkenal karena memimpin Pembantaian Westerling (1946–1947) di Sulawesi Selatan dan percobaan kudeta APRA di Bandung, Jawa Barat. Dia adalah salah satu sosok paling kejam dalam sejarah Indonesia karena pembantaian yang dipimpinnya.",https://id.wikipedia.org/wiki/Raymond_Westerling,1919-08-31,1987-11-26,Raymond_Westerling.jpg
Revolusi Nasional Indonesia,"",Tjokorda Gde Raka Soekawati,"Tjokorda Gde Raka Soekawati (ejaan baru: Cokorda Gde Raka Sukawati), (lahir di Ubud, Gianyar, Bali, 15 Januari 1899 dan meninggal tahun 1967) adalah satu-satunya Presiden Negara Indonesia Timur. Ia menjabat dari tahun 1946 hingga pembubaran Negara Indonesia Timur pada 1950. Gelarnya, Tjokorda Gde, menandai bahwa Soekawati masuk kedalam kasta ksatria. Ia memiliki dua orang istri, yang pertama adalah orang Bali yaitu, Gusti Agung Niang Putu yang memberikan seorang putra yang bernama Tjokorda Ngurah Wim Sukawati. Pada tahun 1933, ia menikahi seorang perempuan Prancis bernama Gilbert Vincent, yang memberikannya dua orang anak.",https://id.wikipedia.org/wiki/Tjokorda_Gde_Raka_Soekawati,1899-01-15,1967-12-31,"Tjokorda_Gde_Raka_Soekawati,_Volume_I_of_Pendidikan_Politik_Rakjat,_p4.jpg"
Revolusi Nasional Indonesia,"",Syarif Hamid II dari Pontianak,"Sultan Hamid II, lahir dengan nama Syarif Abdul Hamid Alkadrie, (12 Juli 1913 – 30 Maret 1978) adalah putra sulung Sultan Pontianak ke-6, Sultan Syarif Muhammad Alkadrie, adalah perancang Lambang Negara Indonesia, Garuda Pancasila. Ia memiliki darah keturunan Arab-Indonesia. Semasa hidupnya, Hamid II beristrikan seorang perempuan Belanda kelahiran Surabaya, yang memberikannya dua anak yang sekarang tinggal di Belanda.",https://id.wikipedia.org/wiki/Syarif_Hamid_II_dari_Pontianak,1913-07-12,1978-03-30,Syarif_Hamid_II_of_Pontianak.jpg
Revolusi Nasional Indonesia,"",Loa Sek Hie,"Loa Sek Hie Sia (lahir di Batavia pada tahun 1898 - meninggal di Den Haag pada tahun 1965) dulu adalah seorang politisi dan anggota parlemen di Hindia Belanda. Ia adalah voorzitter atau chairman pertama dari pasukan bela diri etnis Tionghoa, Pao An Tui (1946 - 1949). Ia adalah Peranakan keturunan Tionghoa-Indonesia, Austria, dan Jawa. Dalam karir politiknya, ia mengkampanyekan perlawanan terhadap diskriminasi rasial serta memperjuangkan pelayanan kesehatan dan pendidikan yang lebih baik bagi etnis Tionghoa di Hindia Belanda.",https://id.wikipedia.org/wiki/Loa_Sek_Hie,1898-01-01,1965-12-31,
Revolusi Nasional Indonesia,"",Julius Tahija,"Julius Tahija (13 Juli 1916 – 30 Juli 2002) dulu adalah seorang tentara, politisi, dan pebisnis asal Indonesia. Ia mendapat Orde Militer Willem atas aksinya pada kampanye Hindia Belanda saat bertugas di KNIL dan merupakan satu-satunya orang Indonesia pada masa perang yang menerima penghormatan militer tertinggi dari sebuah negara sekutu selama Perang Dunia II. Ia juga pernah menduduki sejumlah posisi menteri di Negara Indonesia Timur selama Revolusi Nasional Indonesia pada tahun 1947, lalu bekerja dan mendirikan konglomerat Indrapura Group, yang kemudian menjadi salah satu yang terbesar di Indonesia.",https://id.wikipedia.org/wiki/Julius_Tahija,1916-07-13,2002-07-30,"Julius_Tahija,_Minister_of_Social_Affairs.jpg"
Revolusi Nasional Indonesia,"",Sekarmadji Maridjan Kartosoewirjo,"Sekarmadji Maridjan Kartosoewirjo (7 Januari 1905 – 5 September 1962) adalah seorang tokoh Islam Indonesia yang mendirikan gerakan Darul Islam dari tahun 1949 hingga tahun 1962, dengan tujuan mendirikan Negara Islam Indonesia berdasarkan hukum syariah.",https://id.wikipedia.org/wiki/Sekarmadji_Maridjan_Kartosoewirjo,1905-01-07,1962-09-05,Kartosuwirjo_17_August_1950_KR.jpg
Revolusi Nasional Indonesia,"",Abdul Kahar Muzakkar,"Abdul Kahar Muzakkar atau Abdul Qahhar Mudzakkar, (24 Maret 1921 – 3 Februari 1965) (nama kecilnya La Domeng), adalah pendiri Tentara Islam Indonesia di Sulawesi.",https://id.wikipedia.org/wiki/Abdul_Kahar_Muzakkar,1921-03-24,1965-02-03,Kaharmuzakkar.jpg
Revolusi Nasional Indonesia,"",Musso,Musso atau Paul Mussotte bernama lengkap Muso Manowar atau Munawar Muso (12 Agustus 1897 – 31 Oktober 1948) adalah seorang pemimpin Partai Komunis Indonesia (PKI) dan salah satu tokoh kunci dalam pemberontakan Madiun 1948.,https://id.wikipedia.org/wiki/Musso,1897-08-12,1948-10-31,Musso.jpg
Revolusi Nasional Indonesia,"",Amir Sjarifoeddin,"Mr. Amir Sjarifoeddin Harahap (ER, EYD: Amir Syarifuddin Harahap; 27 April 1907 – 19 Desember 1948) adalah seorang politikus dan jurnalis Indonesia. Ia menjabat sebagai Perdana Menteri Indonesia ketika Revolusi Nasional Indonesia sedang berlangsung. Amir adalah pemimpin sayap kiri terdepan pada masa Revolusi. Pada tahun 1948. Sebagai pemimpin pemberontakan  PKI Madiun bersama Musso, Amir dieksekusi mati bersama beberapa tokoh PKI lainnya yang terlibat dalam Peristiwa Madiun.",https://id.wikipedia.org/wiki/Amir_Sjarifoeddin,1907-04-24,1948-12-19,Amir_Sjarifoeddin.jpg
Kampanye Hindia Belanda,"",Kiyotake Kawaguchi,"Kiyotake Kawaguchi (川口 清健 , Kawaguchi Kiyotake, 3 Desember 1892 – 16 Mei 1961) adalah seorang Jenderal Angkatan Darat Kekaisaran Jepang pada masa Perang Dunia II. Setelah perang berakhir, ia ditangkap oleh otoritas SCAP (Supreme Commander for the Allied Powers) atau Komandan Tertinggi Sekutu dan dituntut sebagai penjahat perang.",https://id.wikipedia.org/wiki/Kiyotake_Kawaguchi,1892-12-03,1961-05-16,Kawaguchi_Kiyotake.jpg
Kampanye Hindia Belanda,Ibō Takahashi,,,,,,
Kampanye Hindia Belanda,"",Hitoshi Imamura,"Hitoshi Imamura (Hitosji Imamoera) (今村 均, Imamura Hitoshi, 28 Juni 1886 – 4 Oktober 1968) adalah seorang jenderal Jepang pada masa Perang Dunia II. Ia pernah menjadi Panglima Tentara ke-16 sekaligus Gubernur Jenderal di Jawa periode Maret - November 1942. Pada bulan November 1942, Letnan Jenderal Imamura menjadi Panglima Tentara ke-8 di Kepulauan Solomon dan Papua Nugini.",https://id.wikipedia.org/wiki/Hitoshi_Imamura,1886-06-28,1968-10-04,Hitoshi_Imamura.jpg
Kampanye Hindia Belanda,"",Shoji Nishimura,"Shōji Nishimura (西村 祥治, Nishimura Shōji, 30 November 1889 – 24 Oktober 1944) adalah seorang Laksamana di Imperial Japanese Navy saat berlangsungnya Perang Dunia II. Ia gugur pada Pertempuran Teluk Leyte.",https://id.wikipedia.org/wiki/Shoji_Nishimura,1889-11-30,1944-10-24,ShojiNishimura.jpg
Kampanye Hindia Belanda,"",Jisaburo Ozawa,"Jisaburo Ozawa (2 Oktober 1886 – 9 November 1966) adalah laksamana Angkatan Laut Jepang.[2] Pada awal Perang Dunia II ia menjadi komandan satuan yang membantu pendudukan Semenanjung Malaya (Singapura) dan Sumatra (Palembang).[2] Selanjutnya ia juga menaklukan Jawa Barat.[2] Setelah menduduki pulau-pulau di selatan ini, ia mengalami kekalahan di pertempuran Laut Filipina (1944).[2] Ia juga mengambil bagian dalam pertempuran Teluk Leyte (1944).[2]",https://id.wikipedia.org/wiki/Jisaburo_Ozawa,1886-10-02,1966-11-09,Ozawa11.jpg
Kampanye Hindia Belanda,"",Takeo Takagi,"Takeo Takagi (高木武雄, Takagi Takeo, 25 Januari 1892 – 8 Juli 1944) ialah seorang laksamana AL Kekaisaran Jepang pada masa Perang Dunia II.",https://id.wikipedia.org/wiki/Takeo_Takagi,1892-01-25,1944-07-08,Takagi_Takeo.jpg
Kampanye Hindia Belanda,"",Nobutake Kondō,"Nobutake Kondō (近藤 信竹, Kondō Nobutake, 25 September 1886 – 19 Februari 1953) adalah seorang Laksamana di Angkatan Laut selama Perang Dunia II. Sebagai komandan IJN Armada ke-2, kepala sekolah Angkatan Laut melepaskan diri untuk operasi independen, Kondo dianggap sebagai yang kedua setelah Laksamana  Isoroku Yamamoto.",https://id.wikipedia.org/wiki/Nobutake_Kond%C5%8D,1886-09-25,1953-02-19,Vizeadmiral_Nobutake_Kondo.jpg
Operasi 17 Agustus,"",Maludin Simbolon,"Kolonel Infanteri Maludin Simbolon (13 September 1916 – 15 April 2000) adalah seorang pejuang kemerdekaan Indonesia, Panglima Tentara Teritorium I/Bukit Barisan, dan kemudian Menteri Luar Negeri dalam kabinet Pemerintahan Revolusioner Republik Indonesia (PRRI).",https://id.wikipedia.org/wiki/Maludin_Simbolon,1916-04-13,2000-04-15,Kolonel_Maludin_SIMBOLON.jpg
Operasi 17 Agustus,"",Ahmad Husein,Kolonel (Purn.) Ahmad Husein (1 April 1925 – 28 November 1998) adalah seorang pejuang kemerdekaan Indonesia dan pemimpin militer PRRI. Pada tanggal 15 Februari 1958 di Padang dia membentuk Pemerintahan Revolusioner Republik Indonesia (PRRI) di bawah pimpinan Syafruddin Prawiranegara sebagai Perdana Menteri dengan tujuan mengoreksi pemerintahan otoriter Soekarno yang dianggap inkonstitusional dan mengabaikan pembangunan dan kesejahteraan masyarakat di daerah. Tindakan koreksinya itu ternyata mendapat sambutan berupa aksi militer dari pemerintah pusat di Jakarta sehingga menimbulkan perang saudara di Sumatera Barat.,https://id.wikipedia.org/wiki/Ahmad_Husein,1925-04-01,1998-11-28,Let._Kol._Ahmad_Husein.jpg
Operasi 17 Agustus,"",Assaat,Mr. Assaat gelar Datuk Mudo (18 September 1904 – 16 Juni 1976) adalah seorang politisi dan pejuang kemerdekaan Indonesia. Ia merupakan pemangku jabatan Presiden Republik Indonesia pada masa pemerintahan Republik Indonesia di Yogyakarta. Ia juga pernah menjabat sebagai Menteri Dalam Negeri Indonesia.,https://id.wikipedia.org/wiki/Assaat,1904-09-18,1976-06-16,"Assaat,_Mr._Gelar_Datuk_Mudo,_Kami_Perkenalkan_(1954)_p76.jpg"
Konflik Papua,"",Benny Wenda,"Benny Wenda (lahir di Lembah Baliem, Irian Jaya) adalah pemimpin kemerdekaan Papua Barat dan Ketua Persatuan Gerakan Pembebasan Papua Barat (Inggris: United Liberation Movement for West Papua (ULMWP)).  Dia adalah pelobi internasional untuk kemerdekaan Papua Barat dari Indonesia. Dia tinggal di pengasingan di Inggris Raya. Pada tahun 2003 dia diberikan suaka politik oleh pemerintah Inggris setelah dia melarikan diri dari tahanan saat diadili.",https://id.wikipedia.org/wiki/Benny_Wenda,1975-01-01,,Benny_Wenda.png
Konflik Papua,Mathias Wenda,,,,,,
Konflik Papua,"",Jacob Rumbiak,"Drs. Jacob Rumbiak (lahir 11 Maret 1958) adalah akademisi dan pemimpin politik Papua Barat yang telah mengasingkan diri di Australia setelah melarikan diri dari penahanan sebagai tahanan politik selama sepuluh tahun di penjara Indonesia. Rumbiak adalah perwakilan Urusan Luar Negeri dari Republik Federasi Papua Barat yang dideklarasikan pada akhir Kongres Rakyat Papua Ketiga pada 19 Oktober 2011. Nasihat Rumbiak dari dalam Papua Barat untuk tidak menghadiri Kongres karena alasan keamanan dibenarkan dalam penumpasan yang  menyebabkan enam kematian, ratusan penangkapan dan hukuman lima tokoh utama masing-masing penjara tiga tahun karena pengkhianatan.",https://id.wikipedia.org/wiki/Jacob_Rumbiak,1958-03-11,,https://www.ulmwp.org/wp-content/uploads/2016/04/jacob-rumbiak-foreign-affairs-minister-federated-republic-of-west-papua.jpg
Konflik Papua,"",Egianus Kogoya,Egianus Kogoya (lahir 1999) adalah Panglima Komando Daerah Perang III Ndugama Tentara Pembebasan Nasional Papua Barat yang merupakan bagian dari kelompok Organisasi Papua Merdeka. Kelompok bersenjata yang dipimpin oleh Egianus Kogoya ini merupakan satu dari tujuh kelompok bersenjata yang masih aktif di Papua. Diperkirakan kelompok ini terdiri dari sekitar 50 orang. Dia merupakan putra dari Daniel Yudas Kogoya yang terlibat dalam penyanderaan tim Ekspedisi Lorentz (1996). ,https://id.wikipedia.org/wiki/Egianus_Kogoya,1999-01-01,,https://img.inews.co.id/media/822/files/inews_new/2023/03/18/egianus_kogoya.jpg
Konflik Papua,"",Sebby Sambom,Sebby Sambom (lahir 3 Januari 1975) adalah Juru Bicara Tentara Pembebasan Nasional Papua Barat - Organisasi Papua Merdeka (TPNPB-OPM). Dia pernah ditahan pada tanggal 16 Agustus 2008 sehubungan dengan perencanaan atau pidato dalam aksi damai mendukung peluncuran Parlemen Internasional untuk Papua Barat.,https://id.wikipedia.org/wiki/Sebby_Sambom,1975-01-03,,https://static.promediateknologi.id/crop/0x0:0x0/750x500/webp/photo/p1/698/2023/11/29/Jubir-Sebby-Sambom-3846253716.png
Konflik Papua,"",Goliath Tabuni,"Goliath Tabuni adalah panglima tinggi Tentara Pembebasan Nasional Papua Barat. Goliath Tabuni bermarkas di Tingginambut Puncak jaya Papua Pegunungan. Pada tahun 2004 mulai beraksi melawan pemerintah Indonesia di wilayah tersebut. Pada awalnya Gen. Goliath Tabuni berjuang bersama Kelly Kwalik di Timika yang bermarkas di Kali Kabur. Penyaderaan di Mapenduma terjadi Goliath sebagai anggota dari Kelik Kwalik, selanjutnya dia pindah ke Puncakjaya memimpin pasukan dan mulai beraksi pada 2004 sampai saat ini. Goliath Tabuni memimpin perang di puncak jaya dengan sistem strategi gerilya.",https://id.wikipedia.org/wiki/Goliath_Tabuni,1959-01-01,,Jenderal._Goliath_Tabuni.JPG
Konflik Papua,"",Kelly Kwalik,"Kelly Kwalik (lahir di Agimuga, Mimika, Papua, Nugini Belanda, 1955 - meninggal di Timika, Papua, Indonesia, 16 Desember 2009) adalah seorang pemimpin separatis senior dan komandan dari sayap militer Organisasi Papua Merdeka (OPM), sebuah organisasi separatis yang berbasis di Provinsi Papua di Indonesia.",https://id.wikipedia.org/wiki/Kelly_Kwalik,1955-01-01,2009-12-16,Kelly_Kwalik.png
Konflik Papua,Joni Botak,,,,,,
Revolusi Nasional Indonesia,"",Abdulkadir Widjojoatmodjo,"Raden Abdulkadir Widjojoatmodjo (18 Desember 1904 – 24 Desember 1992) adalah seorang perwira militer, diplomat, dan pejabat tinggi Hindia Belanda",https://id.wikipedia.org/wiki/Abdulkadir_Widjojoatmodjo,1904-12-18,1992-12-24,"Voorzitter_van_de_Nederlandse_delegatie_op_de_Renville_Abdoel_Kadir,_Bestanddeelnr_902-5011_(3x4).jpg"
Serangan Umum 1 Maret 1949,Meyer,,,,,,