article_title,conflict,partof,image,caption,date,place,casus,territory,result,combatant1,combatant2,commander1,commander2,strength1,strength2,casualties1,casualties2,campaignbox,units1,units3,map_size,coordinates,casualties3,map_caption,map_relief,combatant3,image_size,strength3,campaign,map_label,title,notes,name,causes,longitude,latitude,units2,status,commander3,map_type
Serangan ke Limbang,Serangan ke Limbang,Konfrontasi Indonesia-Malaysia,,,12 Desember 1962,"Limbang, Sarawak, Borneo",,,Kemenangan Britania,Britania Raya,Tentara Nasional Kalimantan Utara,Jeremy Moore,Salleh Bin Sambas,Satu kompi,~150,"Lima tewas, delapan terluka","12 tewas, 15 terluka",,,,,,,,,,,,,,,,,,,,,,,
Kerusuhan Poso,,Konflik Poso,360px,Front pertempuran dalam kerusuhan Poso III.,1998 12 25 – 2001 12 20,Kabupaten Poso,,,"Deklarasi Malino
 Kekerasan pasca kerusuhan di Poso","Pemerintah Pusat
 TNI
 POLRI

 Pemerintah Provinsi
 Kodam Wirabuana
 Korem 132 Tadulako
 Polda Sulawesi Tengah

 Pemerintah Kabupaten
 Batalyon Infanteri 711
 Polres Poso","Milisi Islam

 Jemaah Islamiyah
 Mujahidin KOMPAK
 Laskar Jihad","Pemerintah Pusat
 Abdurrahman Wahid
 Susilo Bambang Yudhoyono
 Jusuf Kalla

 Pemerintah Provinsi
 Bandjela Paliudju
 Aminuddin Ponulele
 Slamet Kirbiantoro
 Zainal Abidin Ishak

 Pemerintah Kabupaten
 Arief Patanga
 Muin Pusadan
 Deddy Woeryantono
 Djasman Baso Opu","Milisi Islam lokal: (tidak memiliki struktur kepemimpinan yang terpusat)

Tokoh agama
 Adnan Arsal",,Tidak diketahui,,,,,,,,,,,"Milisi Kristen

Kelelawar Hitam
Brigade Manguni
Laskar Kristus",,Christian cross.svg 700 orang (2000),,,Kerusuhan Poso,"577 tewas, 384 terluka, 7.932 rumah hancur, serta 510 fasilitas umum terbakar atau rusak (versi pemerintah)",,Penyerangan pemuda Muslim oleh pemuda Kristen yang mabuk di Masjid Sayo,,,,,"Milisi Kristen lokal: (tidak memiliki struktur kepemimpinan yang terpusat)

Tokoh kunci
Fabianus Tibo
Marinus Riwu
Dominggus da Silva

Tokoh agama
 Rinaldy Damanik",
Kampanye Hindia Belanda,Kampanye Hindia Belanda,Perang Pasifik dari Perang Dunia II,300px,Kekuatan Jepang mendarat di Jawa.,8 Desember 1941 – 9 Maret 1942,Hindia Belanda,,,Kemenangan Jepang;Pendudukan Jepang di Hindia Belanda,"ABDA Command: Belanda Belanda Hindia Belanda
Britania Raya Australia Selandia BaruAmerika Serikat 1912",Kekaisaran Jepang,United Kingdom Archibald WavellNetherlands A. T. van S. StachouwerNetherlands Hein ter PoortenUnited States Thomas C. HartNetherlands Conrad HelfrichNetherlands Karel DoormanUnited Kingdom Richard Peirse,Empire of Japan army Hisaichi TerauchiEmpire of Japan army Kiyotake KawaguchiEmpire of Japan naval Ibō TakahashiEmpire of Japan army Hitoshi ImamuraEmpire of Japan naval Shōji NishimuraEmpire of Japan naval Jisaburō OzawaEmpire of Japan naval Takeo TakagiEmpire of Japan naval Nobutake Kondō,"148.000 pasukanTidak termasuk prajurit angkatan laut
40.000 pasukan Belanda http://www.ibiblio.org/hyperwar/AAF/I/AAF-I-10.html  Chapter 10: Loss of the Netherlands East Indies  31 August 2010 The Army Air Forces in World War II: Vol. 1 – Plans & Early Operations HyperWar
100.000 pasukan lokal
8.000 pasukan Anglo-AmerikaGeorge McTurnan Kahin and Adrian Kahin, Subversion as Foreign Policy, New York: The New Press, 1995 (ISBN 1-56584-244-8), Pp 22
33 kapal perangMorison (1948), pp. 158, 271–273, 293 and 31141 kapal selamhttp://www.dutcheastindies.webs.com/under_sea.html Submarine War in the Dutch East Indies (1941–1942) 31 August 2010 1999–2000 Dutch East Indies Campaign website 2011-07-26 https://web.archive.org/web/20110726053024/http://www.dutcheastindies.webs.com/under_sea.html yes234 pesawat terbang","52 kapal perangMorison (1948), pp. 274– 276, 296, 384Morison (1948), pp. 275–27618 kapal selam50.000 pasukanGroen (2010), pp. 12331 pesawat terbang","2.384 terbunuh100.000+ tertangkap""WORLD WAR II: THE DEFENSIVE PHASE"" https://web.archive.org/web/20190712194312/https://history.army.mil/books/AMH-V2/AMH%20V2/chapter3.htm  2019-07-12 , US Army Center Of Military History, p. 87","671 terbunuhFrancis Pike, ""Hirohito's War: The Pacific War, 1941-1945"", 2015, p. 309.",,,,,,,,,,,,,,,,,,,,,,,
Pemberontakan Darul Islam,Pemberontakan Darul Islam,setelah Revolusi Nasional Indonesia,File:Flag of Islamic State of Indonesia.svg,"Bendera Negara Islam Indonesia, juga dikenal sebagai Darul Islam,",7 Agustus 1949 – 2 September 1962,"Indonesia, terutama di Jawa Barat, Aceh dan Sulawesi Selatan",,Seluruh wilayah yang dikuasai oleh para pemberontak direbut kembali oleh pemerintah.,"Kemenangan pemerintah
 Pembubaran Darul Islam
 Mantan veteran Darul Islam membentuk Komando Jihad
 Permulaan pemberontakan baru di Aceh oleh Gerakan Aceh Merdeka pada 1976",Indonesia Republik Indonesia,24px Negara Islam IndonesiaFlag of Legion of Ratu Adil.svg thumb Bendera Legiun Ratu Adil]] Legiun Ratu Adil (APRA) (sampai 1950),Indonesia SukarnoIndonesia SudirmanIndonesia Tahi Bonar SimatupangIndonesia Abdul Haris NasutionIndonesia Suryadi SuryadarmaIndonesia Alexander Evert KawilarangIndonesia SuhartoIndonesia Ahmad Yani,24px Sekarmadji Kartosuwirjo 24px Ibnu Hadjar24px Abdul Kahar Muzakkar24px Daud Beureueh24px Hasan di TiroFlag of Legion of Ratu Adil.svg thumb Bendera Legiun Ratu Adil]] Raymond Westerling (sampai 1950),,,,,,,,,,"22,895  tewasHolk H.Dengel. 1962. Darul Islam dan Kartosuwiryo : Langkah perwujudan angan-angan yang gagal.1995.",,,,,,,,,,,,,,,,,
Serangan Umum 1 Maret 1949,Serangan Umum 1 Maret 1949,Revolusi Nasional Indonesia,Munumen Serangan Umum 1 Maret 1949.jpg,Monumen Serangan Umum 1 Maret di Yogyakarta,1 Maret 1949,"Yogyakarta, Indonesia",,,Kemenangan lndonesia,Indonesia,Belanda,"-Sultan Hamengkubuwono IX
-Letnan Jenderal Sudirman
-Kolonel Bambang Soegeng
-Letnan Kolonel Soeharto
-Ventje Sumual","-Mayor Jenderal Langen
-Mayor Jenderal Meyer
-Letnan Kolonel J.M. v/d Berge","10,000–22,000","2,000–3,000",300 tentara dan 53 polisi tewas,~170 tentara dan polisi tewas atau terluka,,"Tentara Republik Indonesia
Kepolisian Negara Republik Indonesia",,,,,,,,320px,,,,,,,,,,Tentara Kerajaan BelandaTentara Kerajaan Hindia Belanda,,,
Permesta,Permesta,,File:Pangdam merdeka saluting permesta troups.jpg,Pangdam merdeka memberi hormat kepada pasukan permesta,1957–1961,Indonesia Timur,Ketidakpuasan daerah terhadap pemerintah pusat,,Kemenangan pasukan pemerintah pusat,Indonesia,"Indonesia PermestaIndonesia PRRIAmerika Serikatinfobox Pada 1958infobox Dukungan udara dan material
 Flag of the U.S. Central Intelligence Agency.svg CIA

Tentara bayaran dari:https://amp.kompas.com/stori/read/2021/09/20/100000679/keterlibatan-amerika-serikat-dalam-prri keterlibatan-amerika-serikat-dalam-prri 20 September 2021 kompasAmerika SerikatFilipina PolandiaTaiwan",Indonesia Soekarno Indonesia Abdul Haris Nasution Indonesia Omar Dhani Indonesia Djamin Ginting,Indonesia Ventje SumualIndonesia Alex KawilarangIndonesia Joop WarouwIndonesia Daniel Julius Somba Amerika Serikat Allen Lawrence PopeAmerika Serikat William H. BealeDidukung:Indonesia Sjafruddin Prawiranegara,,,,,,,,,,,,,,,,,,,,,,,,,,,
Pertempuran Sungei Koemba,Pertempuran Sungei Koemba,Konfrontasi Indonesia–Malaysia,280px,"Seorang tentara Australia dari 3RAR dengan senjata mesin ringan L4A4 melakukan patroli dekat perbatasan Sarawak-Kalimantan, 1965.",27 Mei – 12 Juni 1965,"Sungei Koemba, Kalimantan",,,Kemenangan Australia,Australia,Indonesia,"Australia William Broderick
 Australia Ivor Hodgkinson",Indonesia Tidak diketahui,~120 tentara,Tidak diketahui,2 Terluka,~30 tewas,,Australia 3 RAR,,,,,,,,,,,,,,,,,,Indonesia 440 batalion,,,
Operasi 17 Agustus,Operasi 17 Agustus,,298x298px,,17 April – 24 Mei 1958(4 17 1958 5 24 1958),"Padang, Indonesia",,,"* Pada tanggal 24 Mei 1958, sebanyak 500 prajurit PRRI menyerahkan diri. Dengan ini, PRRI berhasil ditumpas.",Indonesia,indonesia PRRI,"Indonesia Soekarno
 indonesia Letnan Jenderal Abdul Haris Nasution
 indonesia Kolonel Ahmad Yani","indonesia Syafruddin Prawiranegara
 indonesia Kolonel Maludin Simbolon
 indonesia Letnan Kolonel Ahmad Husein
 indonesia Mr. Assaat","* 6.500 Personel TNI AD, AL, AU",Tidak diketahui,Tidak diketahui,+- 500 Prajurit menyerahkan diri,,,,,,,,,,,,,,,,,,,,,,,
Krisis sandera Mapenduma,Krisis sandera Mapenduma,Konflik Papua,270px,"Irian Jaya, Indonesia",8 Januari 1996 - 9 Mei 1996 (130 hari),"Mapenduma, Jayawijaya, Irian Jaya, (sekarang di Provinsi Papua) Indonesia",Tuntuntan Organisasi Papua Merdeka untuk kemerdekaan Wilayah Papua Barat,,,Indonesia Indonesia,22x20px|tepi Republik Papua Barat,Indonesia Prabowo Subianto,22x20px|tepi Kelly Kwalik,100 Komando,200 Pejuang,"5 tewas
1 helikopter jatuh","8 tewas
2 ditangkap",,,,,,2 sandera tewas,,,,,,,,,,,,,,,selesai,,
Revolusi Nasional Indonesia,Revolusi Nasional Indonesia,Pasca Perang Dunia Kedua,290px,"Searah jarum jam dari pojok kanan:
 Keadaan mobil milik Brigadir Mallaby yang terbakar, dimana ia dibunuh pada 30 Oktober 1945 saat Pertempuran Surabaya
 Dua tentara Indonesia berlari ke sebuah kampung di Bandung yang terdapat beberapa rumah terbakar
 Delegasi dari Indonesia dan Belanda kembali lagi ke Linggajati untuk mengadakan Perundingan Linggajati
 Padang setelah Agresi Militer Belanda II
 Soekarno dan Mohammad Hatta sebelum dibuang ke Berastagi, Sumatera Utara
 Ratu Juliana menandatangani penyerahan kedaulatan Indonesia di Ridderzaal","29 September 1945 – 27 Desember 1949(4 tahun, 3 bulan, 2 hari)",Indonesia,Proklamasi Kemerdekaan IndonesiaMenyerahnya Jepang pada Perang Dunia Kedua,,"• Kemerdekaan Indonesia dari Belanda 

• Belanda mengakui kemerdekaan Indonesia dalam Konferensi Meja Bundar

• Terbentuknya Republik Indonesia Serikat

• Terbentuknya Uni Indonesia-Belanda","Indonesia Republik Indonesia
 PDRI
 BKR/TKR/TRI/TNI
 Korps Brigade Mobil
Japan 1947 Relawan Tentara Kekaisaran Jepanghttps://www.japantimes.co.jp/news/2009/09/09/national/japanese-recounts-role-fighting-to-free-indonesia Japanese recounts role fighting to free Indonesia Christine Tjandraningsih Kyodo News 9 September 2009 24 Maret 2020https://www.nytimes.com/2005/08/15/world/asia/occupation-helped-put-indonesia-on-the-path-to-independence.html Occupation Helped Put Indonesia On the Path To Independence Donald Greenless The New York Times 15 Agustus 2005 2 November 2020 (sejak tahun 1945)

British Raj Desertir Tentara Indiahttps://historia.id/politik/articles/alasan-pembelotan-tentara-india-vxJ05/page/1 Alasan Pembelotan Tentara India Hendri F. Isnaeni Historia 14 Juli 2018 2 November 2020 (sejak tahun 1945)

Didukung oleh:

Australiahttp://www.foreignminister.gov.au/speeches/1998/980709_ai_sovereignty.html Australia & Indonesia's Independence:The Transfer Of Sovereignty: Documents 1949 Minister for Foreign Affairs 11 May 2013 29 October 2013 https://web.archive.org/web/20131029194548/http://www.foreignminister.gov.au/speeches/1998/980709_ai_sovereignty.html live (setelah tahun 1947)

IndiaForeign Policy of India:  Text of Documents 1947–59 (p. 54) (setelah tahun 1947)

Amerika Serikat<ref
name=""marshall"">Gouda Frances https://www.worldcat.org/oclc/55842798 American visions of the Netherlands East Indies/Indonesia : US foreign policy and Indonesian nationalism, 1920–1949 2002 Amsterdam University Press Thijs Brocades Zaalberg 1-4175-2156-2 Amsterdam 55842798</ref><small>(setelah tahun 1949)
Uni Soviet<small>(diplomasi)","Belanda
(sejak tahun 1946)
Hindia Belanda
KNIL
NICA
 Flag of Pontianak Sultanate.svg Kesultanan Pontianak
Flag of Legion of Ratu Adil.svg Angkatan Perang Ratu Adil
Republik Tiongkok Pao An Tui (保案队) (mengklaim netralitas)
Britania Raya (hingga tahun 1946)
British Raj Kemaharajaan Britania <small>
Didukung oleh:

Australia (hingga tahun 1946)

Kekaisaran Jepang (hingga tahun 1946)

Konflik internal:
Flag of Islamic State of Indonesia.svg Darul Islam
Flag of the Communist Party of Indonesia.svg Republik Soviet Indonesia.",Indonesia SoekarnoIndonesia Mohammad HattaIndonesia SoedirmanIndonesia Oerip SoemohardjoIndonesia Soetan SjahrirIndonesia Hamengkubuwana IXIndonesia Pakubuwana XIIIndonesia A.H. NasutionIndonesia Sjafruddin PrawiranegaraIndonesia Gatot SubrotoIndonesia Bambang SoegengIndonesia SoetomoIndonesia Moehammad JasinIndonesia T.B. SimatupangIndonesia SoehartoIndonesia Amir SjarifuddinIndonesia Tan MalakaIndonesiaFlag of Pontianak Sultanate.svg Sultan Hamid IIIndonesia Agustinus Adisoetjipto  Indonesia R. E. Martadinata,"Belanda Wilhelmina (hingga tahun 1948)Belanda Juliana (sejak tahun 1948)Netherlands Hubertus van MookNetherlands Simon SpoorBelanda Adelbert van LangenBelanda Buurman Van VreedenNetherlands Conrad HelfrichBelanda Hendrik van OyenUnited Kingdom Louis MountbattenUnited Kingdom Philip ChristisonUnited Kingdom Robert ManserghBritania Raya Aubertin MallabyBelandaFlag of Legion of Ratu Adil.svg Raymond WesterlingIndonesiaFlag of the State of East Indonesia.svg Tjokorda Gde Raka SoekawatiIndonesiaFlag of Pontianak Sultanate.svg Sultan Hamid IIBelandaRepublik Tiongkok Loa Sek HieBelanda A.K. WidjojoatmodjoBelanda Julius Tahija

Flag of Islamic State of Indonesia.svg Sekarmadji KartosoewirjoFlag of Islamic State of Indonesia.svg Abdul Kahar Muzakkar 

Flag of the Communist Party of Indonesia.svg Musso Flag of the Communist Party of Indonesia.svg Amir Sjarifuddin","BKR/TKR/TRI/TNI:150.000Laskar rakyat:diperkirakan 60,000Relawan Muda: 100,000Relawan Jepang: 1,000Desertir India: 600","Belanda: 200,000https://www.niod.nl/en/frequently-asked-questions/indonesian-war-independence-numbers  Indonesian War of Independence (in numbers)  2023-02-09 NIOD Institute for War, Holocaust and Genocide StudiesInggris: 50,000https://kompaspedia.kompas.id/baca/paparan-topik/pasukan-inggris-di-indonesia-1945-1946 Pasukan Inggris di Indonesia: 1945–1946 13 November 2020 Jepang:35,000","46,000+ tentara, polisi dan milisi Indonesia tewashttps://www.groene.nl/artikel/wie-telt-de-indonesische-doden531 Relawan Jepang tewas525 Desertir India tewas","1,600 tentara Inggris dan India tewasKirby 1969 258 1,057 tentara Jepang tewas 4,585+ tentara Belanda dan KNIL tewas",,,,,,"51,421 warga Indonesia Tewas",,,,,,,,,,,,,,,,,
Pertempuran Laut Aru,Pertempuran Laut Aru,Operasi Trikora,300px|RI Matjan Tutul,RI Matjan Tutul (650),15 Januari 1962,"Laut Arafura, Indonesia",,,"Kemenangan Belanda 
RI Matjan Tutul tenggelam, 2 lainnya berhasil selamat",Indonesia,Belanda,Komodor Yos SudarsoKolonel SudomoKapten WiratnoKapten TjiptadiKapten Memet Sastrawiria,tidak diketahui,RI Matjan Tutul (Tenggelam) RI Matjan Kumbang(Rusak) RI Harimau(Rusak),Hr. Ms. EvertsenHr. Ms. KortenaerHr. Ms. Utrecht<small>didukung P-2 Neptune dan jenis Fairey Firefly<small>,Komodor Yos SudarsoKapten Wiratno (Kapten kapal RI Matjan Tutul)Kapten Memet Sastrawiria (Ajudan Komodor Yos Sudarso)Kapten Tjiptadi21 orang tenggelam53 orang ditahan Belanda<small>Total 39 orang tewas<small>,-,,,,,,,,,,,,,,,,,,,,,,,
Kerusuhan Sambas,Konflik Sambas,,,,,SambasCatatan tidak ada data pasti untuk daerah lain,,,,"Suku Melayu dan Suku DayakSampit Berdarah, Dayak 2001","Suku MaduraKonflik Sampit, Madura 2001",,,,,*1.189 terbunuh  168 orang luka berat 34 orang luka ringan  29.823 warga Madura mengungsi.,,,,,,,,,,,,,,,,,,,,,,,,
Pemberontakan di Aceh,Pemberontakan di Aceh (1976–2005),Separatisme di Indonesia,280px,"Prajurit wanita Gerakan Aceh Merdeka bersama Panglima GAM Abdullah Syafi'i, 1999",4 Desember 1976 – 15 Agustus 2005(12 04 1976 08 15 2005),"Aceh, Indonesia",,,"Kemenangan taktis Indonesia; Persetujuan perdamaian Helsinki
 Otonomi khusus untuk Aceh
 Pelucutan GAM
 Ditariknya pasukan non-organik Indonesia, hanya menyisakan 25.000 prajurit di provinsi tersebut
 Misi Pemantau Aceh
 Diadakannya pilkada",Indonesia Didukung oleh:Amerika SerikatResource War in Aceh. Thirdworldtraveler.com,"Flag of Free Aceh Movement.svg Gerakan Aceh MerdekaDidukung oleh:
Libyan Arab Jamahiriyaname=Aspinall_Islam_105>Aspinall 2009 105",Indonesia SoehartoIndonesia B. J. HabibieIndonesia Abdurahman WahidIndonesia MegawatiIndonesia Susilo YudhoyonoIndonesia Try SutrisnoIndonesia Endriartono SutartoIndonesia SutiyosoIndonesia Bambang Darmono,"Flag of Free Aceh Movement.svg Hasan di TiroFlag of Free Aceh Movement.svg Zaini AbdullahFlag of Free Aceh Movement.svg Abdullah Syafi'iIndonesia – OCHA consolidated situation report No. 60 http://reliefweb.int/report/indonesia/indonesia-ocha-consolidated-situation-report-no-60#sthash.zrgPBcJj.dpuf ReliefWeb, 25 January 2002Flag of Free Aceh Movement.svg Muzakir ManafFlag of Free Aceh Movement.svg Sofyan DawoodFlag of Free Aceh Movement.svg Ayah Muni TNI claims to have shot GAM commander https://web.archive.org/web/20150603133101/http://www.thejakartapost.com/news/2001/05/30/tni-claims-have-shot-gam-commander.html  3 June 2015  The Jakarta Post, 30 May 2011Flag of Free Aceh Movement.svg Ishak Daud https://steemit.com/aceh/@harrysm07/wishing-ishak-daud-or-war-of-the-end-in-alue-nireh-f6841c1348bf ISHAK DAUD, War of the End in Alue Nireh. 2018-12-02 steemit en","Indonesia 12,000 (1990)Uppsala conflict data expansion. Non-state actor information. Codebook pp. 295-296Indonesia 30,000 (2001)Indonesia 15,000 (2002)Indonesia 35,000Global Security - Free Aceh Movement–50,000 (2003)","Flag of Free Aceh Movement.svg 20px 25 (1976)[Michael L.Ross (2007). ""Resources and Rebellion in Aceh , Indonesia"" https://web.archive.org/web/20081030151630/http://www.sscnet.ucla.edu/polisci/faculty/ross/ResourcesRebellion.pdf  30 October 2008  (PDF), pp. 6. The World Bank.Flag of Free Aceh Movement.svg 20px 200 (1979–89)Flag of Free Aceh Movement.svg 20px 750 (1991)Flag of Free Aceh Movement.svg 20px 15,000–27,000 (1999)Flag of Free Aceh Movement.svg 20px 5,000 (2003–2004)Flag of Free Aceh Movement.svg 20px 3,000 (2005)ECP. Annuario 2006 de procesos de paz. Vicenç Fisas https://web.archive.org/web/20160304022857/http://escolapau.uab.cat/img/programas/procesos/06anuarie.pdf  2016-03-04  pág. 75.","128 tewashttps://www.jstor.org/stable/10.7249/j.ctt5hhsjk.47 10.7249/j.ctt5hhsjk.47 Indonesia (Aceh), 1976–2005 Paul Christopher Clarke Colin P. Grill Beth Dunigan Molly Paths to Victory 2013 403–414 RAND Corporation 9780833081094",15.000 tewashttp://www.peacewomen.org/news/Acheh/Feb04/casualties.html  Casualties Of The War In Ache  2008-08-17  2008-09-19  https://web.archive.org/web/20080919080020/http://www.peacewomen.org/news/Acheh/Feb04/casualties.html  yes <small>(Kebanyakan warga sipil),,,,,,,,,,,,,,,,,,,,,,,
Operasi Trisula,,,288px,"Monumen Trisula, 2010","1 Juni – 7 September 1968(3 bulan, 1 minggu)","Blitar, Jawa Timur, Indonesia",,,Pemberontakan berhasil di tumpas,"Indonesia Pemerintah Indonesia
TNI
Polri
Brimob",Uni Soviet Partai Komunis Indonesia,Indonesia SoehartoIndonesia Abdul Haris NasutionIndonesia WitarminIndonesia Kartomo,Uni Soviet B.O. Hutapea,"5,000 Tentarabantuan udara :2 A-263 P-511 C-1303 T-64 Mil Mi-4",Tidak diketahui,18 Prajurit Tewas,33 Militan Tewas850 Tertangkap,,,,,,,,,,,,,,,,,,,,,,,
Krisis Timor Timur 1999,Krisis Timor Timur 1999,"Dekolonisasi Asia, Pendudukan Indonesia di Timor Timur dan Kejatuhan Suharto",Destroyed houses 19.jpg,Rumah-rumah yang hancur di Dili.,April 1999 – 2005https://www.police.govt.nz/about-us/programmes-and-initiatives/international-service-group-isg/past-isg-deployments Past ISG deployments New Zealand Policehttp://www.theguardian.com/world/2005/aug/01/indonesia.theeditorpressreview The Editor briefing Guardian Staff 31 Juli 2005 The Guardian,Timor Leste,,,,"Timor Leste21px INTERFET21px UNTAET

Daftar lengkap: on  Australia – 5.000  Selandia Baru – 1.250  Thailand – 1.600  Amerika SerikatCross  Lyle  East Timor: A Case Study in C4I Innovation  http://www.doncio.navy.mil/chips/ArticleDetails.aspx?id=3455  US Navy Information Technology Magazine  Department of Navy (US)  26 Mei 2022  Argentinahttps://www.aph.gov.au/About_Parliament/Parliamentary_Departments/Parliamentary_Library/Publications_Archive/CIB/cib9900/2000CIB03  East Timor and Australia's Security Role: Issues and Scenarios   Austriahttps://peacekeeping.un.org/mission/past/unmiset/facts.html UNMISET: United Nations Mission of Support in East Timor - Facts and Figures peacekeeping.un.org  Bangladesh   Benin   Bolivia   Bosnia dan Herzegovina   Brasil   Britania Raya   Bulgaria   Chilihttps://reliefweb.int/report/indonesia/untaet-fact-sheet-18-peacekeeping-force  UNTAET Fact Sheet 18: Peacekeeping Force  OCHA  28 Februari 2002  26 Mei 2022  Denmark  Fiji   Filipina   Gambia   Ghana     Irlandia   Israel   Italia   Jepang   Jerman   Kanada   Kenya   Korea Selatan 1997   Kroasia   Malaysia   Meksiko   Mesir  Mozambik  Namibia   Nepal   Niger   Nigeria   Norway   Pakistan   Peru   Portugal   Prancis   Rusia   Samoa   Senegal   Serbia dan Montenegro   Singapura   Slowakia  Slovenia   Spanyol   Sri Lanka   Swedia   Tajikistan   Tiongkok   Turki   Ukraina   Uruguay   Yordania   Vanuatu   Zambia   Zimbabwe","Indonesia Milisi pro-IndonesiaRobinson Geoffrey People's war: militias in East Timor and Indonesia https://history.ucla.edu/sites/default/files/u184/robinson/gr_-_peoples_war_.pdf South East Asia Research 2001 9 3 271–318 10.5367/000000001101297414 29365341
 Flag of AITARAK.svg Aitarak
 Besi Merah Putih
 Garda Muda Penegak Integrasi
 Laksaur
 Mahidi
Didukung oleh:
25px Kopassus (dugaan)
Flag of the Indonesian State Intelligence Agency.png BINhttps://www.theage.com.au/national/indonesia-bugged-australia-20041115-gdyzv0.html Indonesia 'bugged' Australia 15 November 2004 The Age
Lobi Jakartahttps://nautilus.org/publications/books/australian-forces-abroad/security-general/the-collins-allegations/ The Collins allegations | Nautilus Institute for Security and Sustainability 19 Desember 2011 nautilus.orghttps://www.abc.net.au/pm/content/2004/s1088231.htm PM - A look behind the 'Jakarta Lobby' www.abc.net.auhttps://www.abc.net.au/pm/content/2004/s1086652.htm PM - Intelligence analyst blasts the DIO www.abc.net.au","Australia John Howard
Australia Peter Cosgrove
New Zealand Jenny Shipley
New Zealand Helen Clark
New Zealand Carey Adamson
Brazil Sérgio Vieira de Mello 
Portugal Brigjen. Paulo Pereira Guerreiro https://news.un.org/en/story/2002/09/44572-east-timor-mourns-death-un-peacekeeping-forces-top-military-observer East Timor mourns death of UN peacekeeping force's top military observer 9 September 2002 UN News",Indonesia Wiranto IndonesiaFlag of AITARAK.svg Eurico Guterres  Indonesia Manuel de Sousa Indonesia Olivio Mendonca Moruk   Indonesia Câncio Lopez de Carvalho   https://www.ucanews.com/story-archive/?post_name=/2001/10/31/projakarta-militia-group-returns-home-to-east-timor&post_id=19470   PRO-JAKARTA MILITIA GROUP RETURNS HOME TO EAST TIMOR  30 October 2001  UCA news 28 January 2023,"11,000 militer dan polisihttps://etan.org/et99c/october/24-31/25unsc.htm  UNSC Authorizes UN Troops for East Timor","13,000 milisi pro-Indonesiahttps://en.tempo.co/read/911810/former-east-timor-pro-integration-militias-demand-compensation  Former East Timor Pro-Integration Militias Demand Compensation  27 September 2017   Tempco.co  12 November 2020","Daftar lengkap: on Timor Leste Timor Leste – 16 tewas (staf PBB lokal)https://data.humdata.org/dataset/4ce16b45-5526-471d-8918-2ed76082f1c8/resource/4cfc43b6-cc9c-403b-966f-fc37b8dd7d4b/download/odp_noticas.csvhttps://peacekeeping.un.org/sites/default/files/stats_by_nationality_mission_2_61_mar2021.pdf United Nations peacekeeping Fatalities by Nationality and Mission up to 3/31/2021 11:59:59 pm peacekeeping.un.org 26 Mei 2022
AUS Australia – 2 tewas secara tidak sengajaLondey Peter 2004 Other People's Wars: A History of Australian Peacekeeping Crows Nest, New South Wales Allen & Unwin 1-86508-651-7 256, 259
Selandia Baru Selandia Baru – 5 tewas (4 karena kecelakaan)https://www.nzherald.co.nz/indonesia-and-east-timor/news/article.cfm%3Fc_id%3D589%26objectid%3D2197691  Aronson, Cathy  Fifth NZ soldier dies in East Timor  28 Juli 2002  NZ Herald  26 Mei 2022 Mei 2022  InternetArchiveBot  yes 
Thailand Thailand – 2 tewashttps://reliefweb.int/report/indonesia/untaet-daily-briefing-12-may-2000 UNTAET Daily Briefing 12 May 2000 - Indonesia ReliefWeb
US Amerika Serikat – 1 terlukahttp://www.cnn.com/ASIANOW/southeast/9909/04/e.timor.03/ ASIANOW - U.S. police officer shot as East Timor violence surges - September 4, 1999 www.cnn.com
Bangladesh Bangladesh – 1 tewas dan 1 terluka akibat IEDhttps://reliefweb.int/report/timor-leste/untaet-daily-briefing-03-aug-2000 UNTAET Daily Briefing 03 Aug 2000 - Timor-Leste ReliefWeb
Brazil Brasil – 1 tewashttps://reliefweb.int/report/timor-leste/timor-leste-un-mission-remembers-2-peacekeepers-killed-bali-blast Timor-Leste: UN mission remembers 2 peacekeepers killed in Bali blast - Timor-Leste ReliefWeb 
Fiji Fiji – 2 tewas dan 11 terlukahttps://peacekeeping.un.org/mission/past/etimor/DB/db110901.htm  Dili, 11 September 2001: Fijian Soldier Killed, 11 Injured, in Truck Accident  United Nations  26 Mei 2022
PHI Filipina – 4 tewas dan 4 terlukahttps://reliefweb.int/report/indonesia/untaet-daily-briefing-22-dec-2000 UNTAET Daily Briefing 22 Dec 2000 - Indonesia ReliefWebhttps://peacekeeping.un.org/mission/past/etimor/news/N021000.htm News1 peacekeeping.un.org
Ghana Ghana – 1 meninggal karena penyakit
Indonesia Indonesia – 2 tewas (staf PBB lokal)
Ireland Irlandia – 2 tewashttps://www.irishtimes.com/news/irish-soldier-shot-dead-in-accident-in-east-timor-1.1085166%3Fmode%3Damp  Irish soldier shot dead in accident in East Timor  O'Doherty, Caroline  Irish Times  16 April 2002  26 Mei 2022 Desember 2022  InternetArchiveBot  yes 
Germany Jerman – 1 tewas
KOR 1997 Korea Selatan – 4 tewas dan 1 hilang karena kecelakaanhttps://www.abc.net.au/news/2003-03-07/four-s-korean-soldiers-killed-in-e-timor-accident/1813650  Four S Korean soldiers killed in E Timor accident  ABC News  7 Maret 2003  26 Mei 2022
Malaysia Malaysia – 3 tewashttps://peacekeeping.un.org/en/mission/past/etimor/DB/DB140600.HTM Dili, 14 June 2000 peacekeeping.un.org
Nepal Nepal – 1 tewas dan 3 terlukahttps://reliefweb.int/report/timor-leste/secretary-general-extends-condolences-family-nepalese-soldier-killed-east-timor  Secretary-General extends condolences to family of Nepalese soldier killed in East Timor  11 Agustus 2000  26 Mei 2022
Portugal Portugal – 4 tewas dan 9 terlukahttps://peacekeeping.un.org/mission/past/etimor/news/N031000.htm News1 peacekeeping.un.org
Russia Rusia – 5 tewas dan 1 hilang karena kecelakaanhttps://apnews.com/article/c0f01887adcab2b967e3c66fce961b9e  Russian Cargo Plane Crashes in East Timor  Associated Press 
Spain Spanyol – 1 tewas
Tajikistan Tajikistan – 1 tewas
Total: 64 tewas 
49 staf PBB dan LSM yang ditangkap kemudian dibebaskanhttps://www.stuff.co.nz/national/122568724/the-untold-story-of-the-daring-nz-sas-mission-to-rescue-un-personnel-in-west-timor The untold story of the daring NZ SAS mission to rescue UN personnel in West Timor 5 September 2020 Stuff","Daftar lengkap: on 15–19 tewashttps://www.nippon.com/en/currents/d00275/ Japan Self-Defense Forces Participation in UN Peacekeeping: An Idea Whose Time is Past 5 Desember 2016 nippon.comhttps://www.etan.org/et2005/november/07/10files.htm Files reveal East Timor clashes www.etan.orghttps://www.nzherald.co.nz/nz/documents-link-nz-forces-with-aussie-torture-probe/6SBFIMWEXPO4MR2J3HNU3OUV7I/ Documents link NZ forces with Aussie torture probe NZ Herald
301+ ditangkaphttps://books.google.com/books?id=S5n-fTmJTBIC&q=portuguese+soldier+operation+cobra&pg=PA70  Peacekeeping in East Timor: The Path to Independence  9781588261427  Alcott  Louisa May  Smith  Michael Geoffrey  Dee  Moreen  2003http://www.cnn.com/ASIANOW/southeast/9909/28/e.timor.02/ ASIANOW - Peacekeepers capture suspected elite forces in East Timor - September 28, 1999 www.cnn.com",,,,,,"1.400 warga sipil tewas220.000+ pengungsihttps://www.unhcr.org/news/latest/2020/9/5f59f0174/remembering-unhcr-colleagues-killed-in-atambua-west-timor-twenty-years.html  Remembering UNHCR colleagues killed in Atambua, West Timor, twenty years on   UNHCR  10 September 2020  26 Mei 20223 staf UNHCR tewashttps://www.unhcr.org/news/press/2000/9/3ae6b81733/unhcr-confirms-three-staff-killed-west-timor-attack.html  UNHCR confirms three staff killed in West Timor attack  6 September 2000  UNHCR  26 Mei 20222 jurnalis tewashttps://cpj.org/2000/03/attacks-on-the-press-1999-east-timor-formerly-indo/  Attacks on the Press 1999: East Timor  Committee to Protect Journalists   22 Maret 2000 26 Mei 20221 tentara Indonesia tewashttps://www.nzherald.co.nz/nz/nz-peacekeepers-kill-indonesian-soldier/Z2KOVXHV7QRQJKGOKODFE7W5OI/ NZ peacekeepers kill Indonesian soldier NZ Herald1 polisi indonesia tewashttps://www.irishtimes.com/news/interfet-fires-at-indonesian-police-near-frontier-post-1.237208?mode=amp Interfet fires at Indonesian police near frontier post www.irishtimes.com",,,,350px,,,,,,,,,,,"Kemenangan taktis Timor Timur
 Kekalahan milisi pro-Indonesia
 Stabilisasi Timor Timur
 Referendum kemerdekaan Timor Timur
 Embargo penjualan militer AS ke Indonesia dari 9 September 1999 – 22 November 2005https://uca.edu/politicalscience/dadm-project/asiapacific-region/indonesiaeast-timor-1976-2002/ 53. Indonesia/East Timor (1976-2002) uca.eduhttp://news.bbc.co.uk/2/hi/asia-pacific/444003.stm BBC News | Asia-Pacific | Military sanctions against Indonesia news.bbc.co.ukhttps://www.foxnews.com/story/u-s-removes-six-year-embargo-against-indonesia U.S. Removes Six-Year Embargo Against Indonesia 25 Maret 2015 Associated Press
 Embargo penjualan militer Britania Raya ke Indonesia dari 11 September 1999 – 11 April 2012https://www.telegraph.co.uk/news/politics/9197167/Britain-sells-weapons-to-Indonesia-after-13-year-hiatus.html Britain sells weapons to Indonesia after 13 year hiatus The Telegraph
 Embargo penjualan militer Australia ke Indonesia September 1999
 Embargo penjualan militer Uni Eropa (EU) ke Indonesia dari 16 September 1999 – 17 Januari 2000https://www.tni.org/es/node/8332 EU Arms Embargo to Indonesia Lifted Despite Worsening Situation in the Archipelago 17 November 2005 Transnational Institutehttp://news.bbc.co.uk/2/hi/asia-pacific/607230.stm BBC News | ASIA-PACIFIC | EU lifts arms embargo on Indonesia news.bbc.co.uk

Kemenangan strategis milisi pro-Indonesiahttps://www.ucanews.com/news/timor-leste-dancing-to-indonesias-tune-despite-20-years-of-independence/86000 Timor-Leste dancing to Indonesia's tune despite 20 years of independence - UCA News ucanews.comhttps://www.e-ir.info/2012/04/06/failed-humanitarian-intervention-in-east-timor/ Failed Humanitarian Intervention in East Timor 6 April 2012
 80% infrastruktur Timor Timur hancur akibat Operasi Bumi Hangus",,
Pendaratan di Labis,Pendaratan di Labis,Konfrontasi Indonesia-Malaysia,,,September–Oktober 1964,"Labis, Johor, Malaysia",,,Kemenangan Persemakmuran,MalaysiaBritania RayaSelandia Baru,Indonesia,Tidak diketahui,Indonesia Tidak diketahui,,~98 orang,1 tewas,"~32 tewas, 62 ditangkap",,,,,,,,,,,,,,,,,,,,,,,
Pemberontakan PKI 1948,Peristiwa Madiun,Revolusi Nasional Indonesia,"Groep IIndonesische mannen wordt met touwen geboeid en onder bewaking afgevoerd , Bestanddeelnr 8806.jpg","Sekelompok orang yang diborgol ditahan oleh TNI, Madiun, September 1948",18 September – 19 Desember 1948,Madiun,,,,"Indonesia Indonesia
 TNI
 POLRI","Flag of the Communist Party of Indonesia.svg Front Demokrasi Rakyat
 PKI
 PSI
 PBI
 SOBSI
 Pesindo",Indonesia SoekarnoIndonesia Mohammad HattaIndonesia SoedirmanIndonesia Gatot SoebrotoIndonesia Abdul Haris Nasution,MussoAmir SjarifuddinD. N. AiditM.H. LukmanNjoto,,,1.920 tewas (termasuk warga sipil)https://www.detik.com/jatim/budaya/d-6318007/84-korban-pemberontakan-pki-1948-di-madiun-dan-magetan/amp  84 Korban Pemberontakan PKI 1948 di Madiun dan Magetan,tidak diketahui terbunuh24.000–35.000 Pemberontak ditangkaphttps://books.google.com/books?id=2xyvAwAAQBAJ&q=Madiun+affair+8000&pg=PA25   Explaining Collective Violence in Contemporary Indonesia: From Conflict to Cooperation  9781137270641  Tadjoeddin  Z.  2014-05-07 Springer,,,,,,,,,,,,,,,,,,,,,Pemberontakan ditumpas,,
Operasi militer Indonesia di Aceh 1990-1998,Operasi militer Indonesia di Aceh 1990–1998,Konflik di Aceh dan Separatisme di Indonesia,280px,Lokasi Aceh di Indonesia,Awal 1990 – 22 Agustus 1998,"Aceh, Indonesia",,,Penarikan ABRI dari Aceh,"Indonesia Indonesia
 Angkatan Bersenjata Republik Indonesia (ABRI)
Pendukung :Amerika Serikat","Flag of Free Aceh Movement.svg Gerakan Aceh Merdeka
 Tentara Nasional Aceh (TNA)
 Laskar Inöng Balè",Indonesia SoehartoIndonesia Try SutrisnoIndonesia Sutiyoso,Flag of Free Aceh Movement.svg Hasan Di TiroFlag of Free Aceh Movement.svg Abdullah Syafi'i,"Indonesia 12,000 (1990)",Flag of Free Aceh Movement.svg 750+ (1991),,,,,,,,9.000+ orang tewas sebagian besar warga sipil http://www.worldwatch.org/node/3929  Conflict and Peacemaking in Aceh: A Chronology | Worldwatch Institute        2019-07-10  https://web.archive.org/web/20190710011732/http://www.worldwatch.org/node/3929  yes,,,,,,,,,,,,,,,,,
Peristiwa Arfai,,Konflik Papua,,,28 Juli 1965,"Manokwari, Irian Jaya",,,,Indonesia,Republik Papua Barat Organisasi Papua Merdeka,,,1 batalion,400,3Djopari  Johannes Rudolf Gerzon  Pemberontakan Organisasi Papua Merdeka  1993  Gramedia Widiasarana Indonesia  110  https://books.google.co.uk/books?id=WGl0AAAAMAAJ&dq=peristiwa+arfai&focus=searchwithinvolume&q=arfai  id–1813 The Past That Has Not Passed: Human Rights Violations in Papua Before and After Reformasi  https://www.ictj.org/sites/default/files/ICTJ-ELSHAM-Indonesia-Papua-2012-English.pdf  International Center for Transitional Justice  4 November 2019 tewas,4–36Mampioper  Dominggus  Bukit Arfai riwayatmu dulu  https://www.jubi.co.id/bukit-arfai-riwayatmu-dulu/  4 November 2019  Jubi  18 December 2018  id tewas,,,,,,,,,,,,,,,,Arfai incident,,,,,,,
Operasi Trikora,Operasi Trikora,Pembebasan Irian Barat dan Perang Dingin,Yos Sudarso Postage Stamp.jpg,Perangko Indonesia memperingati Pertempuran Laut Aru,1961 12 19 1962 08 15 y,Irian Barat,,,"Kemenangan Indonesia 
 Perjanjian New York ditandatangani
 Irian Barat diserahkan ke PBB lalu ke Indonesia
 Awal dari Konflik Papua","Indonesia
Didukung oleh:Uni Sovietinfobox air and naval support","Belanda
 22px Nugini Belanda",Indonesia SoekarnoIndonesia Soerjadi SoerjadarmaIndonesia Abdul Haris NasutionIndonesia Ahmad YaniIndonesia SoehartoIndonesia Omar DhaniIndonesia Eddy MartadinataIndonesia Yos SudarsoIndonesia Leonardus Benyamin Moerdani,Belanda C.J. van Westenbrugge22px W.A. van Heuven,13.000 tentara7.000 pasukan terjun payung4.500 marinir,10.000 tentara1.400 marinir1.000 sukarelawan,214 tewas25 tahun Trikora  Google Play Books  1988  https://play.google.com/books/reader?id=650vAAAAMAAJ&pg=GBS.PR2&hl=en  id  192  Yayasan Badan Kontak Keluarga Besar Perintis Irian Barat  1 November 20211 kapal motor torpedo tenggelam2 kapal motor torpedo rusak,Tidak diketahui,,,,,,,,,,,,,,,,,,,,,,,
Agresi Militer Belanda II,Agresi Militer Belanda II(Operatie Kraai),Revolusi Nasional Indonesia,140px 140px 140px 140px 140px 140px,"Searah jarum jam dari kiri atas:
Pasukan Belanda masuk Djokjakarta. Di sebelah kiri ada mobil yang terbakar.
Pasukan Belanda dalam memajukan Jawa Timur
Stasiun Ngebroek. Sebuah bivak telah disiapkan.
Kemajuan di Tapanoeli (Sumatera Utara). Patroli tentara Belanda melewati beberapa rumah khas Batak.
Kemajuan di Padang, Sumatra oleh pasukan Belanda.
Tentara Belanda di jalan utama Rantau Prapat",1948 12 19 1949 01 05 y,"Jawa dan SumatraKahin (2003), p. 89",Pelanggaran Partai Republik terhadap Perjanjian Renville,,"Kemenangan Belanda
Yogyakarta direbut oleh Belanda
 Pemerintah Indonesia diasingkan
 Peperangan Gerilya terus berlanjut",Indonesia,Netherlands,Indonesia SoedirmanIndonesia DjatikoesoemoIndonesia Abdul Haris Nasution,Belanda Simon Hendrik SpoorBelanda Dirk van Langen,"4 Mitsubishi Zero 100,000 tentara","800–900 pasukan payung 10,000 tentara-130,000 tentaraFundamentals of Guerilla Warfare, page 179-180 Nasution  Abdul H. New York, Praeger 1965 23 Douglas DC-3s Pesawat tempur dan pembom Belanda",tidak diketahui,tidak diketahui,,Tentara Indonesia Angkatan Udara Indonesia,,,,,,,,,,,,,,,,,,Tentara Kerajaan Hindia Belanda,,,
Pendudukan Indonesia atas Timor Timur,Pendudukan Indonesia di Timor Timur,Perang Dingin,LocationEastTimorNamed.svg,"Lokasi Timor Timur, dengan menampilkan negara-negara tetangga.",De facto:7 Desember 1975 – 31 Oktober 1999(12 7 1975 10 31 1999)De jure:7 Desember 1975 – 20 Mei 2002(12 7 1975 5 20 2002),Timor Timur,,,"*Krisis Timor Timur 1999
Timor Timur memperoleh kemerdekaan setelah referendum kemerdekaan memilih untuk meninggalkan Indonesia
 Indonesia memiliki pengaruh yang kuat di Timor Timur","Indonesia
 Flag of Timor Timur.svg Timor Timur
Didukung oleh:Amerika Serikat (hingga 1991)Australia (hingga 1991)Britania Raya (hingga 1991, dukungan senjata hingga 1997)Kanada (hingga 1991)Jepang 1870 (hingga 1991)Malaysia (hingga 1991)","Timor Leste
 Flag of FRETILIN (East Timor).svg Fretilin (Falintil)
 FalintilFlag.png CNRM (kemudian CNRT)
 TL-UDT.png UDT
Didukung oleh:
Amerika Serikat (1999)Australia (1999)Britania Raya (1999)Filipina (1999)Jepang (1999)Kanada (1999)Korea Selatan 1997 (1999)Libya 1977 LibyaMalaysia (1999)MozambikPortugalUni Soviet (1975–1991)Rusia (1991–1999)Thailand (1999)Tiongkok (1975–1999)",Indonesia SoehartoIndonesia B. J. HabibieIndonesia Maraden PanggabeanIndonesia Muhammad JusufIndonesia L. B. MurdaniIndonesia Dading KalbuadiIndonesia Try SutrisnoIndonesia Edi SudradjatIndonesia Feisal TanjungIndonesia WirantoIndonesia Prabowo SubiantoIndonesia José Abílio Osório SoaresIndonesia Eurico Guterres,FalintilFlag.pngFlag of FRETILIN (East Timor).svg Francisco Xavier do AmaralFalintilFlag.pngFlag of FRETILIN (East Timor).svg Nicolau dos Reis LobatoFalintilFlag.pngFlag of FRETILIN (East Timor).svg Mari AlkatiriFalintilFlag.png Taur Matan RuakFalintilFlag.png Nino Konis SantanaFalintilFlag.png Ma'huno Bulerek KarathayanoFalintilFlag.pngFlag of FRETILIN (East Timor).svg Xanana GusmãoFalintilFlag.png Rogério LobatoFlag of FRETILIN (East Timor).svg David AlexFlag of FRETILIN (East Timor).svg Keri Laran Sabalae,,,"2.277 tentara dan polisi Indonesia tewas1.527 milisi Timor Timur tewas2.400 terlukaTotal: 3.408 tewas dan 2.400 terluka3351321 Van Klinken Gerry Indonesian Casualties in East Timor, 1975–1999: Analysis of an Official List Indonesia 2005 80 109–122 https://ecommons.cornell.edu/handle/1813/54351",Perkiraan berkisar antara 100.000–300.000 orang tewas (lihat di bawah),,,,,,,,,,300px,,,,,,,,,,,,,
Gerakan 30 September,Gerakan 30 September,,potret gestapu.jpg,Proses pengangkatan 7 jenazah korban G30S dari sebuah sumur lama di kawasan Lubang Buaya pada tanggal 3 Oktober 1965,30 September malam - 1 Oktober menjelang pagi,"Kelurahan Lubang Buaya, Cipayung, Jakarta Timur",,,,,,,,,,1. Letnan Jenderal TNI Ahmad Yani (43 tahun)  2. Mayor Jenderal TNI Raden Soeprapto (45 tahun)  3. Mayor Jenderal TNI Mas Tirtodarmo Haryono (41 tahun)  4. Mayor Jenderal TNI Siswondo Parman (47 tahun)  5. Brigadir Jenderal TNI Donald Isaac Panjaitan (40 tahun)  6. Brigadir Jenderal TNI Sutoyo Siswomiharjo (43 tahun)  7. Letnan Satu Pierre Andreas Tendean (26 tahun)  dan korban-korban lainnya.,,,,,,,,,,,250px,,,,,,,,,,,,,
Invasi Ambon,Invasi Ambon,,ID Ambon.PNG,,28 September 1950 - 5 November 1950,Ambon,,,Kepulauan Maluku dianeksasi oleh Republik Indonesia,Indonesia,22px Republik Maluku Selatan,"Indonesia Soekarno
 Indonesia Jenderal Abdul Haris Nasution
 Indonesia Kolonel Alex Kawilarang
 Indonesia Slamet Rijadi","* 22px Chris Soumokil
 22px Isaac Julius Tamaëla
 22px Alexander Nanlohy
 22px Domingus Sopacua
 22px Ajudan Tahapary
 22px Ajudan Siwabessy","Indonesia 20,000",22px 1000,"Indonesia 5000 tewasAngka 4000-5000 diberikan oleh seorang letnan Australia yang ditempatkan di Ambon, sedangkan kepala operasi TNI di wilayah tersebut memperkirakan 100 hingga 120 orang tewasChauvel  Richard  Nationalists, Soldiers and Separatists: The Ambonese Islands from Colonialism to Revolt, 1880-1950  2008  BRILL  9789004253957  391  https://books.google.com/books?id=UbZiAAAAQBAJ  en",22px 500 tewas,,,,,,"10,000-15,000 warga sipil tewas",,,,,,,,,,,,,,,,,
Konfrontasi Indonesia–Malaysia,Konfrontasi Indonesia-Malaysia,Pembentukan Malaysia dan Perang Dingin,300px,"Seorang tentara Inggris ditarik oleh helikopter Westland Wessex selama operasi di Kalimantan, Agustus 1964",20 Januari 1963 –11 Agustus 1966(01 20 1963 08 11 1966),"Semenanjung Malaka, Kalimantan",,,"Kemenangan Persemakmuran Bangsa-BangsaVan der Bijl 2007 246
 Indonesia menerima pembentukan Malaysia
 Soekarno digantikan oleh Soeharto menyusul upaya kudeta G30S
 Pemberontakan Komunis di Sarawak berlanjut hingga tahun 1989","Persemakmuran Bangsa-Bangsa
 Malaysiainfobox Sebelum Federasi, tiga entitas terpisah Malaya, Sarawak, dan Kalimantan Utara berpartisipasi secara mandiri
 Flag of Singapore.svg Singapurainfobox Sampai 1965
 Britania Raya
 Australia
 Selandia Baru
 Brunei
Didukung oleh:Canada 1957 Kanada24 November 1964  Commonwealth Backing for Malaysia  2  The Sydney Morning Herald  https://news.google.com/newspapers?nid=1301&dat=19641124&id=dAk0AAAAIBAJ&pg=7015,8104779  live  19 February 2015  https://web.archive.org/web/20151119081617/https://news.google.com/newspapers?nid=1301&dat=19641124&id=dAk0AAAAIBAJ&sjid=9-UDAAAAIBAJ&pg=7015,8104779  19 November 2015Robert Bothwell  https://books.google.com/books?id=ntPGUn-HW3oC&pg=PA284  Canada Among Nations, 2008: 100 Years of Canadian Foreign Policy  Jean Daudelin  17 March 2009  McGill-Queen's Press – MQUP  978-0-7735-7588-2  284–  26 January 2017  https://web.archive.org/web/20170215082245/https://books.google.com/books?id=ntPGUn-HW3oC&pg=PA284  15 February 2017  liveAmerika Serikat24 August 2009  Malaysian–American Relations during Indonesia's Confrontation against Malaysia, 1963–66  https://www.cambridge.org/core/journals/journal-of-southeast-asian-studies/article/malaysianamerican-relations-during-indonesias-confrontation-against-malaysia-196366/F17B33424044C1008ABFCCC1A605BB90  Cambridge University Press","IndonesiaAliansi partai:Flag of the Communist Party of Indonesia.svg PKIConboy 2003 93–95Conboy 2003 156Flag of the Sarawak People's Guerilla Force.svg PKKUFowler 2006 11, 41Pocock 1973 129Corbett 1986 124Flag of the North Borneo Federation.svg PRBSejarah Indonesia : ""The Sukarno Years"". Retrieved 30 May 2006.Didukung oleh:Tiongkok 1955A. Dahana  2002  China Role's in Indonesia's ""Crush Malaysia"" Campaign  http://journal.ui.ac.id/humanities/article/viewFile/716/682  dead  https://web.archive.org/web/20160719124912/http://journal.ui.ac.id/humanities/article/viewFile/716/682  19 July 2016  19 July 2016  Universitas IndonesiaJohn W. Garver  https://books.google.com/books?id=xvuuCgAAQBAJ&pg=PA219  China's Quest: The History of the Foreign Relations of the People's Republic of China  1 December 2015  Oxford University Press  978-0-19-026106-1  219–Filipina 1936Hamilton Fish Armstrong  July 1963  The Troubled Birth of Malaysia  https://www.foreignaffairs.com/articles/asia/1963-07-01/troubled-birth-malaysia  Foreign AffairsUni SovietKurt London  https://books.google.com/books?id=M0wdcwufqFEC&pg=PA153  The Soviet Impact on World Politics  Ardent Media  1974  978-0-8015-6978-4  153–Mohd. Noor Mat Yazid  2013  Malaysia-Indonesia Relations Before and After 1965: Impact on Bilateral and Regional Stability  http://www.culturaldiplomacy.org/academy/content/pdf/participant-papers/2013-06-iscd-asia-pacific/Assoc._Prof._Dr._Mohd._Noor_MAT_YAZID.pdf  dead  https://web.archive.org/web/20160719130036/http://www.culturaldiplomacy.org/academy/content/pdf/participant-papers/2013-06-iscd-asia-pacific/Assoc._Prof._Dr._Mohd._Noor_MAT_YAZID.pdf  19 July 2016  19 July 2016  Programme of International Relations, School of Social Sciences, Universiti Malaysia SabahVietnam UtaraJones 2002 132, 146, 163","Malaysia Tuanku Syed Putra
 Malaysia Ismail Nasiruddin
 Malaysia Tunku Abdul Rahman
 Malaysia Abdul Razak Hussein
 Malaysia Tunku Osman
 MalaysiaSabah 1963 Mustapha Harun
 MalaysiaFlag of the Kingdom of Sarawak (1870).svg S. K. Ningkan
 Singapore Yusof Ishak
 Singapore Lee Kuan Yew
 Brunei Omar Ali Saifuddien III
 United Kingdom Harold Macmillan
 United Kingdom Alec Douglas-Home
 United Kingdom Harold Wilson
 United Kingdom Rodney Moore
 United Kingdom Walter Walker","Indonesia Soekarno
 Indonesia Omar Dhani 
 Indonesia Ahmad Yani 
 Indonesia Eddy Martadinata
 Indonesia A.H. Nasution
 Indonesia Pranoto Reksosamudro 
 Indonesia Soeharto
 Flag of the Communist Party of Indonesia.svg D. N. Aidit
 Flag of the Sarawak People's Guerilla Force.svg Bong Kee Chok
 Flag of the North Borneo Federation.svg A. M. Azahari
 Flag of the North Borneo Federation.svg Yassin Affandi",,,"Total: • 280 terbunuh dan 183 luka-lukahttps://dbpedia.org/page/Indonesia%E2%80%93Malaysia_confrontation=
              
Britania Raya 140 terbunuh (termasuk 44 ghurka)https://assets.publishing.service.gov.uk/government/uploads/system/uploads/attachment_data/file/416474/20150326_UK_Armed_Forces_Operational_deaths_post_World_War_II_O.pdf  UK Armed Forces Operational deaths post World War II 2015 Kementerian Pertahanan 4 en43 luka-lukaAustralia 23 terbunuh Indonesian Confrontation, 1963–66 https://www.awm.gov.au/articles/atwar/indonesian-confrontation  Australian War Memorial en9 luka-lukaSelandia Baru 12 terbunuhConfrontation in Borneo; NZHistory, New Zealand history online  https://nzhistory.govt.nz/war/confrontation-in-borneo  nzhistory.govt.nz en8 luka-lukaSingapore 9 terbunuhSPEECH BY THE PRESIDENT OF THE SAF VETERANS' LEAGUE, BRIGADIER-GENERAL (NS) WINSTON TOH, AT THE KONFRONTASI MEMORIAL CEREMONY ON 10 MARCH 2016, 1825HRS |  http://www.safvl.org.sg/uploads/files/konfrontasi_speech.pdf enGurkha 44 terbunuh83 luka-lukaLainnya: 44 terbunuh40 luka-luka","Total:
 590 terbunuh
 222 luka-luka
 771 ditangkap",,,,,,"Korban sipil
 36 terbunuh
 53 luka-luka
 4 ditawan",,,,,,,,,,,,,,,,,
Bandung Lautan Api,Bandung Lautan Api,Revolusi Nasional Indonesia,File:Bandung Lautan Api.jpg,Bagan selatan Bandung dibakar oleh TRI,23 Maret - 24 Maret 1946,"Bandung, Jawa Barat, Indonesia",,,Kemenangan Taktis Indonesia,22px Republik Indonesia,"Sekutu:Kekaisaran Britania Britania Raya Kemaharajaan Britania India
Imperium BelandaKerajaan Belanda Hindia Belanda NED Pemerintahan Sipil Hindia Belanda",22px MayJen. Abdoel Haris Nasoetion22px Muhammad Toha,Britania Raya Brig.MacDonald,,,,,,"*Indonesia Tentara Republik Indonesia
Indonesia Barisan Rakyat Indonesia",,,,,,,,,,,,,,,,,,20px Angkatan Bersenjata Britania Raya20px Angkatan Darat Britania Raya 20px Tentara Kerajaan Hindia Belanda,,,
Invasi Indonesia ke Timor Timur,Invasi Indonesia ke Timor TimurOperasi Seroja,Perang Dingin,Timor - Indonesian Invasion.png,Peta Bahasa Inggris yang menunjukkan daerah yang di invasi oleh Indonesia,"7 Desember 1975 – 17 Juli 1976(7 bulan, 1 minggu dan 3 hari)",Timor Timur,,Timor Timur diduduki Indonesia ∟Provinsi Timor Timur,"Kemenangan Indonesia
 Pendudukan Indonesia di Timor Timur sampai tahun 1999
 Genosida Timor Timur","Indonesia Indonesia
 Flag of the Indonesian National Armed Forces (until 1999).png ABRI
 Indonesia PSTT

  TL-UDT.png UDTIndonesia (1977), p. 31.
 APODETI

Didukung oleh: 
 Amerika SerikatSimons, p. 189Gerald R. Ford: The American Presidents Series: The 38th President Douglas Brinkley 2007 132 https://books.google.com/books?id=ANVyLKKIp9wC&pg=PA132 978-1429933414
 Arab SaudiTaylor, p. 90
 AustraliaFed: Cables show Australia knew of Indon invasion of Timor   http://www.highbeam.com/doc/1P1-31689348.html  AAP General News (Australia)  13 September 2000  26 Mei 2022 Februari 2019 medic
medicFernandes, Clinton (2004) Reluctant Saviour: Australia, Indonesia and East Timor
 Korea Selatan 1949
 Taiwan","Flag of East Timor.svg Timor Leste
 Flag of FRETILIN (East Timor).svg FRETILIN
 FalintilFlag.png FALINTIL

Didukung oleh: 
 Kuba
 Mozambik 1975
 Swedia
 TiongkokA Dangerous Place, Little Brown, 1980, p. 247
 Uni SovietJolliffe, pp. 208–216; Indonesia (1977), p. 37.","Indonesia Soeharto
 Indonesia Maraden Panggabean
 Indonesia Widjojo SoejonoGinting  Selamat  17 April 2021  Pukulan Jenderal Komando ke Perut Wartawan https://www.republika.co.id/berita/qrofhu484/pukulan-jenderal-komando-ke-perut-wartawan Republika    26 Mei 2022 Kendali operasi Timor Timur ada dalam genggamannya (Wijoyo Suyono).
 Indonesia L. B. Moerdani
 Indonesia Dading Kalbuadi
 Indonesia Wiranto
 Indonesia José Abílio Osório Soares
Indonesia Luhut Binsar Pandjaitan","Flag of FRETILIN (East Timor).svg Francisco Xavier do Amaral 
 Flag of FRETILIN (East Timor).svg FalintilFlag.png Nicolau dos Reis Lobato",35.000 tentara,20.000 Milisi,"1.000 tewas, terluka atau ditangkapPower Kills R.J. RummelEckhardt, William, in World Military and Social Expenditures 1987–88 (12th ed., 1987) by Ruth Leger Sivard.","185.000 tewas, terluka atau ditangkap (1975–1999)„Chega!“-Report of Commission for Reception, Truth and Reconciliation in East Timor (CAVR)(termasuk warga sipil)",,,,,,,,,,300px,,,,,,,,,,,,,
Operasi Jayapura 1976,,Konflik Papua,,,Januari–Februari 1976,"Belahan selatan Kabupaten Jayapura, Irian Jaya",,,,Indonesia,Republik Papua Barat Republik Papua Barat,,,10.000Osborne 2001 134-135–16.000Savage  Peter  The Independence Movement in West Irian  Australian Left Review  1980  73  33-41  http://ro.uow.edu.au/cgi/viewcontent.cgi?article=2169&context=alr352 aircraft,"3.000–5.000Usai serangan, para perwakilan Papua Barat di luar negeri menyatakan bahwa terdapat 3.000 sampai 5.000 pejuang yang bertahan.Osborne 2001 134-135",425 tewas800 luka-luka (klaim OPM)Osborne 2001 134-135Savage Martin 1977 342,1.605 tewas (klaim OPM)Osborne 2001 134-135Savage Martin 1977 342Klaim meliputi arga desa dan pendukung yang tewas dalam pertikaian dan serangan udara.,,,,,,,,,,,,,,,,Operasi Jayapura 1976,,,,,,,
Konflik Papua,Konflik Papua,Persengketaan Nugini Barat dan Dekolonisasi Oseania,,"Foto Atas; Pasukan TNI Sedang Patroli di Sebuah Hutan di Papua, Foto Bawah; Pasukan OPM Sedang memamerkan Senjata Mereka",1 Oktober 1962 – sekarang,Papua (wilayah Indonesia); Papua Nugini (sepanjang perbatasan),,,,"IndonesiaPapua Nuginihttps://www.lowyinstitute.org/publications/west-papua-issues-wont-go-away-melanesiahttps%3A//www.lowyinstitute.org/publications/west-papua-issues-wont-go-away-melanesia ""West Papua: The Issue That Won't Go Away for Melanesia"" www.lowyinstitute.org en 2020-08-08 2021-05-06 https://web.archive.org/web/20210506140859/https://www.lowyinstitute.org/publications/west-papua-issues-wont-go-away-melanesiahttps://www.lowyinstitute.org/publications/west-papua-issues-wont-go-away-melanesia yeshttps://www.cnnindonesia.com/internasional/20190911150753-106-429538/menlu-respons-soal-gubernur-papua-nugini-dukung-papua-merdeka Menlu Respons soal Gubernur Papua Nugini Dukung Papua Merdeka Indonesia C. N. N. internasional id-ID 2020-08-08Didukung:
Amerika Serikat (1969–1992)AustraliaAustralia risks Papua conflict role -- activists https://www.reuters.com/article/idUSSYD109325 Reuters 2007-03-27 2020-08-08 en
Ending our pragmatic complicity in West Papua https://www.abc.net.au/news/2013-10-28/rollo-west-papua-complicity/5049204 www.abc.net.au 2013-10-28 2020-08-08 en-AUhttp://www.theguardian.com/world/2016/nov/05/australia-should-go-to-papua-and-see-the-human-rights-situation-for-itself Australia should go to Papua and see the human rights situation for itself 2016-11-04 the Guardian en 2020-08-08Uni Soviet (1962–1964)Fiji","Morning Star flag.svg Organisasi Papua MerdekaDidukung:
Libya 1977 (kira-kira 1987–1990-an)https://www.thefreelibrary.com/Libyan+terrorism:+the+case+against+Gaddafi.-a014151801 Libyan terrorism: the case against Gaddafi. - Free Online Library www.thefreelibrary.com 2020-08-08VanuatuPalauTuvaluKepulauan SolomonNauruSamoaTonga","SekarangIndonesia Joko WidodoIndonesia Ma'ruf AminIndonesia Prabowo SubiantoIndonesia Agus SubiyantoIndonesia Listyo Sigit PrabowoIndonesia Budi Gunawan
border:none; padding:0;  Sebelumnya: Indonesia Suharto  Indonesia Leonardus Benyamin Moerdani  Indonesia Wiranto  Indonesia Try Sutrisno  Indonesia B. J. Habibie  Indonesia Abdurrahman Wahid  Indonesia Megawati Sukarnoputri  Indonesia Susilo Bambang Yudhoyono
   Indonesia Andika Perkasa","SekarangMorning Star flag.svg Jacob PraiMorning Star flag.svg Benny WendaMorning Star flag.svg Mathias WendaMorning Star flag.svg Jacob RumbiakMorning Star flag.svg Egianus KogoyaMorning Star flag.svg Sebby Sambom
border:none; padding:0;  Sebelumnya: Morning Star flag.svg Goliath Tabuni  Morning Star flag.svg Kelly Kwalik  Morning Star flag.svg Joni Botak",,,"setidaknya 72 TNI dan 34 polisi tewas Total: 106 aparat keamanan tewas (2010 – Maret 2022)https://databoks.katadata.co.id/datapublish/2022/06/16/kekerasan-di-papua-telan-ratusan-korban-jiwa-mayoritas-warga-sipil  Kekerasan di Papua Telan Ratusan Korban Jiwa, Mayoritas Warga Sipil | Databoks",setidaknya 69 TPNPB–OPM tewas (2010 – Maret 2023),,"Tentara Nasional Indonesia
Kodam XVII/Cenderawasih
Kodam XVIII/KasuariKepolisian Negara Republik Indonesia  Barisan Merah PutihBriantika Adi TPNPB Klaim Tembak Mati Mata-Mata di Intan Jaya, Papua https://tirto.id/tpnpb-klaim-tembak-mati-mata-mata-di-intan-jaya-papua-fESQ 2020-07-25 tirto.id idPapua Jagat 30 August 2019 Barisan Merah Putih Dukung Tanah Papua Sebagai Bagian Dari NKRI Yang Sah https://www.jagatpapua.com/barisan-merah-putih-dukung-tanah-papua-sebagai-bagian-dari-nkri-yang-sah/ 2020-07-25 Jagat Papua id-ID  Warga sipil pro-Indonesia1 February 2021 KKB Kembali Berulah, Warga di Intan Jaya Resah https://www.kompas.id/baca/nusantara/2021/02/01/kkb-kembali-berulah-warga-di-intan-jaya-resah/ 2021-02-16 kompas.id",,,,"320 masyarakat sipil (OAP dan non-OAP) tewas (2010 – Maret 2022)Perkiraan jangka panjang bervariasi antara 100,000Asia in the Pacific Islands: Replacing the West R. G. Crocombe 2007 iDg9oAkwsXAC 287 yes IPS Publications, University of the South Pacific 9789820203884 Suva, Fiji 287- 500.000 warga sipil tewasJacob  Frank  Genocide and Mass Violence in Asia: An Introductory Reader  5 August 2019  Walter de Gruyter GmbH & Co KG  978-3-11-065905-4  161  https://books.google.com/books?id=AUHEDwAAQBAJ  en",,,,,,,,,,,,,,Unit otonom berafiliasi dengan Tentara Pembebasan Nasional Papua Barat (TPNPB) atau Tentara Revolusi West Papua (TRWP)Institute for Policy Analysis of Conflict The current status of the Papuan pro-independence movement 24 August 2015 Jakarta http://file.understandingconflict.org/file/2015/08/IPAC_21_Papuan_Pro-Independence_Movement.pdf IPAC Report 21 974913162 24 October 2017 https://web.archive.org/web/20150911045408/http://file.understandingconflict.org/file/2015/08/IPAC_21_Papuan_Pro-Independence_Movement.pdf 11 September 2015 live dmy-all38 Year TPN-OPM No Unity and Struggle After the Reformation https://tpnpbnews.files.wordpress.com/2016/06/38-year-tpn-opm-no-unity-and-struggle-after-the-reformation.pdf National Liberation Army of West Papua (TPNPB) 9 June 2016 24 October 2017 https://web.archive.org/web/20171024073637/https://tpnpbnews.files.wordpress.com/2016/06/38-year-tpn-opm-no-unity-and-struggle-after-the-reformation.pdf 24 October 2017 live dmy-allMajor Arm Fence D Maran Anatomy of Separatists https://sydney.edu.au/arts/peace_conflict/docs/Kopassus_Anatomy_of_Papuan_Separatists.pdf Indonesian intelligence 2008 22 October 2017 https://web.archive.org/web/20111017030749/http://sydney.edu.au/arts/peace_conflict/docs/Kopassus_Anatomy_of_Papuan_Separatists.pdf 17 October 2011 live dmy-all Persatuan Gerakan Pembebasan Papua Barat (ULMWP)https://www.abc.net.au/radio-australia/programs/pacificbeat/solomons-pm-softens-west-papua-self-determination-support/11053370 West Papua liberation movement announces provisional govt 3 December 2020 RNZ 29 December 2022  Warga sipil pro-kemerdekaanTasevki Olivia  West Papua's Quest for Independence https://asiapacificreport.nz/2021/11/21/13-years-of-indonesian-harassment-but-knpbs-spirit-remains-unbroken/ 2022-12-23 The Diplomat enLestari Sri  Ribuan pengunjuk rasa tuntut kemerdekaan Papua Barat  https://www.bbc.com/indonesia/dunia/2011/08/110802_papua_demo 2022-12-23 BBC News Indonesia id,Masih berlangsung,,
